,frame,part,part_idx,x,y,z,visibility,presence
0,0,head,0,0.060344148427248,-0.6041367650032043,-0.2575855851173401,0.999153733253479,0.9992303848266602
1,0,left shoulder,11,0.1054951399564743,-0.448330819606781,-0.04545450955629349,0.9870153665542603,0.9563193917274475
2,0,right_shoulder,12,-0.14962369203567505,-0.4354912042617798,-0.15905283391475677,0.9908973574638367,0.9774591326713562
3,0,left elbow,13,0.08792769908905029,-0.3214132785797119,-0.0478818342089653,0.17768220603466034,0.06647615134716034
4,0,right elbow,14,-0.15842758119106293,-0.195146843791008,-0.15322011709213257,0.17999491095542908,0.015819111838936806
5,0,left wrist,15,0.07710850238800049,-0.4241223931312561,-0.17369073629379272,0.709371030330658,0.43673479557037354
6,0,right wrist,16,-0.0786377415060997,-0.06955648958683014,-0.1828538477420807,0.022065186873078346,0.001535797375254333
7,0,left hip,23,0.09893449395895004,-0.00305031961761415,0.06211142987012863,0.0015868495684117079,0.00027869659243151546
8,0,right hip,24,-0.09682711958885193,-0.0074837179854512215,-0.058086469769477844,0.001987011870369315,0.0003353733045514673
9,0,left knee,25,0.18134304881095886,-0.10346316546201706,-0.06090516224503517,0.022534184157848358,0.0004908320843242109
10,0,right knee,26,-0.10549213737249374,-0.08122941106557846,-0.17771095037460327,0.0277407243847847,0.0003620998759288341
11,0,left ankle,27,0.12975560128688812,0.12754662334918976,0.20692022144794464,0.00943363830447197,0.00021397709497250617
12,0,right ankle,28,-0.148028165102005,0.28819552063941956,0.1441652625799179,0.01766844093799591,0.0002320100466022268
13,1,head,0,0.05926767364144325,-0.6046761870384216,-0.2534905970096588,0.9991762638092041,0.9993054866790771
14,1,left shoulder,11,0.10564775764942169,-0.44847530126571655,-0.042520973831415176,0.9878110289573669,0.9840747117996216
15,1,right_shoulder,12,-0.14986729621887207,-0.4357600510120392,-0.16245824098587036,0.991330087184906,0.9860602617263794
16,1,left elbow,13,0.0880984291434288,-0.2526044249534607,-0.03148609399795532,0.1729341596364975,0.05702612176537514
17,1,right elbow,14,-0.15839175879955292,-0.20098266005516052,-0.16083663702011108,0.19968761503696442,0.027291366830468178
18,1,left wrist,15,0.11409677565097809,-0.15730595588684082,-0.15673354268074036,0.6572373509407043,0.03878183662891388
19,1,right wrist,16,-0.07952413707971573,-0.06887751072645187,-0.20989404618740082,0.023992743343114853,0.002554077422246337
20,1,left hip,23,0.0990549847483635,-0.0044701844453811646,0.061703912913799286,0.0016242337878793478,0.00019819365115836263
21,1,right hip,24,-0.09695538878440857,-0.0056851753033697605,-0.0578388087451458,0.002075875410810113,0.00022496866586152464
22,1,left knee,25,0.1529211550951004,-0.10627136379480362,-0.03323926031589508,0.02215581387281418,0.00032557951635681093
23,1,right knee,26,-0.10271728038787842,-0.06454310566186905,-0.19193752110004425,0.030228951945900917,0.00032450328581035137
24,1,left ankle,27,0.12973155081272125,0.1318754255771637,0.2636354863643646,0.009100816212594509,0.00011571889626793563
25,1,right ankle,28,-0.1462259292602539,0.3308342397212982,0.14410656690597534,0.018838847056031227,0.0001408207754138857
26,2,head,0,0.059192076325416565,-0.6067466139793396,-0.2515609860420227,0.9991405606269836,0.9984906911849976
27,2,left shoulder,11,0.10385364294052124,-0.4500126838684082,-0.037119243294000626,0.9878076910972595,0.9505363702774048
28,2,right_shoulder,12,-0.14963658154010773,-0.43788665533065796,-0.1624143123626709,0.9908669590950012,0.9538851380348206
29,2,left elbow,13,0.08807989209890366,-0.2645755112171173,-0.019680380821228027,0.17037580907344818,0.06969988346099854
30,2,right elbow,14,-0.14454394578933716,-0.21068549156188965,-0.16263020038604736,0.20931556820869446,0.0248959269374609
31,2,left wrist,15,0.10959205776453018,-0.23628921806812286,-0.13925965130329132,0.6393113732337952,0.17815642058849335
32,2,right wrist,16,-0.05059542879462242,-0.09312797337770462,-0.2076759785413742,0.0264744833111763,0.0036830976605415344
33,2,left hip,23,0.09893439710140228,-0.0045732841826975346,0.06178177520632744,0.001722073764540255,0.0003404064627829939
34,2,right hip,24,-0.09682385623455048,-0.005538544151932001,-0.057954806834459305,0.002221327507868409,0.00036436805385164917
35,2,left knee,25,0.15427415072917938,-0.10548039525747299,-0.030515603721141815,0.021983608603477478,0.00044733015238307416
36,2,right knee,26,-0.10441207140684128,-0.06676387786865234,-0.19817355275154114,0.03190622851252556,0.0003969863464590162
37,2,left ankle,27,0.12453161925077438,0.13614194095134735,0.2621001899242401,0.008879750967025757,0.00016406025679316372
38,2,right ankle,28,-0.14441348612308502,0.32469743490219116,0.1192588284611702,0.020070133730769157,0.00018813059432432055
39,3,head,0,0.06409110128879547,-0.6062124371528625,-0.25279122591018677,0.9991863369941711,0.9991112351417542
40,3,left shoulder,11,0.09790980815887451,-0.45667389035224915,-0.029438761994242668,0.9864644408226013,0.8988268375396729
41,3,right_shoulder,12,-0.14053763449192047,-0.4404667317867279,-0.16272486746311188,0.9892444014549255,0.9109941124916077
42,3,left elbow,13,0.07222165912389755,-0.30736735463142395,-0.010916556231677532,0.16392919421195984,0.10259457677602768
43,3,right elbow,14,-0.1166994571685791,-0.22511471807956696,-0.1741146445274353,0.22454677522182465,0.04222997650504112
44,3,left wrist,15,0.0850163921713829,-0.34761080145835876,-0.10953923314809799,0.6107592582702637,0.19657601416110992
45,3,right wrist,16,-0.010741881094872952,-0.16426239907741547,-0.2073628157377243,0.03695300593972206,0.013979234732687473
46,3,left hip,23,0.09722459316253662,-0.004662571009248495,0.06154962629079819,0.0023329879622906446,0.0011532738571986556
47,3,right hip,24,-0.09497162699699402,-0.005441993474960327,-0.05780437961220741,0.003120344365015626,0.001191486488096416
48,3,left knee,25,0.15401947498321533,-0.10753653198480606,-0.019605401903390884,0.023065220564603806,0.0009100369643419981
49,3,right knee,26,-0.10436885803937912,-0.08104857057332993,-0.19734829664230347,0.03788775950670242,0.0008089515613391995
50,3,left ankle,27,0.11578185856342316,0.1351548284292221,0.2739875614643097,0.008850118145346642,0.0002595952246338129
51,3,right ankle,28,-0.1244812086224556,0.32063326239585876,0.09073833376169205,0.023703036829829216,0.0002666621294338256
52,4,head,0,0.0637507438659668,-0.6073298454284668,-0.24478362500667572,0.999114453792572,0.9969727993011475
53,4,left shoulder,11,0.09647542983293533,-0.4680967926979065,-0.024675676599144936,0.9848237037658691,0.8372507095336914
54,4,right_shoulder,12,-0.14163817465305328,-0.44683295488357544,-0.15377096831798553,0.987433671951294,0.8601048588752747
55,4,left elbow,13,0.07873368263244629,-0.30835965275764465,0.001752127194777131,0.1585833579301834,0.08984611928462982
56,4,right elbow,14,-0.11998304724693298,-0.24179334938526154,-0.17324292659759521,0.23849371075630188,0.05791835859417915
57,4,left wrist,15,0.08886455744504929,-0.2714659869670868,-0.09404543787240982,0.568865954875946,0.07207833230495453
58,4,right wrist,16,-0.023106291890144348,-0.15567384660243988,-0.22520576417446136,0.04706234112381935,0.016500722616910934
59,4,left hip,23,0.09717311710119247,-0.006439285818487406,0.05921407788991928,0.0029771055560559034,0.0009374579531140625
60,4,right hip,24,-0.09498249739408493,-0.003985148388892412,-0.05578891932964325,0.004208355210721493,0.0010786008788272738
61,4,left knee,25,0.14790132641792297,-0.09989792853593826,0.003842620411887765,0.023568427190184593,0.0006449014181271195
62,4,right knee,26,-0.10600939393043518,-0.04565944895148277,-0.19696316123008728,0.04233912006020546,0.0007250209455378354
63,4,left ankle,27,0.11632240563631058,0.14109431207180023,0.2750025689601898,0.008639120496809483,0.0002004560228670016
64,4,right ankle,28,-0.11734935641288757,0.3323000967502594,0.05255035683512688,0.026222139596939087,0.0003250036097597331
65,5,head,0,0.0681711807847023,-0.60767662525177,-0.21881909668445587,0.9990906715393066,0.9986549615859985
66,5,left shoulder,11,0.09653563052415848,-0.4678022563457489,-0.010360370390117168,0.984835147857666,0.9470954537391663
67,5,right_shoulder,12,-0.14114011824131012,-0.4502246677875519,-0.15304505825042725,0.9858113527297974,0.8999327421188354
68,5,left elbow,13,0.07903044670820236,-0.27452901005744934,0.010378551669418812,0.15163160860538483,0.07191455364227295
69,5,right elbow,14,-0.11329978704452515,-0.25626763701438904,-0.17396152019500732,0.24007947742938995,0.03412984684109688
70,5,left wrist,15,0.0954466462135315,-0.14270757138729095,-0.09959500283002853,0.5273677706718445,0.02872183360159397
71,5,right wrist,16,-0.005629774648696184,-0.1705700010061264,-0.24335846304893494,0.061990492045879364,0.018445806577801704
72,5,left hip,23,0.09815830737352371,-0.006612543016672134,0.05761254206299782,0.003462908323854208,0.0006382983992807567
73,5,right hip,24,-0.09603332728147507,-0.0038464933168143034,-0.05444801226258278,0.004729687701910734,0.0005354160093702376
74,5,left knee,25,0.14717359840869904,-0.09991562366485596,0.0003423533635213971,0.02386249043047428,0.00041221160790883005
75,5,right knee,26,-0.10593142360448837,-0.05088627710938454,-0.20204228162765503,0.04568857327103615,0.00029616287793032825
76,5,left ankle,27,0.11678402870893478,0.1407390832901001,0.28225240111351013,0.008485591039061546,0.00012549167149700224
77,5,right ankle,28,-0.10299268364906311,0.33211788535118103,0.061406366527080536,0.028043661266565323,0.00011606710904743522
78,6,head,0,0.06463834643363953,-0.6086349487304688,-0.2202012538909912,0.9990813732147217,0.9990645051002502
79,6,left shoulder,11,0.10077973455190659,-0.46702125668525696,-0.011012451723217964,0.9856327772140503,0.9753798246383667
80,6,right_shoulder,12,-0.1426742523908615,-0.44693833589553833,-0.15464738011360168,0.9863728284835815,0.9756104350090027
81,6,left elbow,13,0.08402504771947861,-0.26472538709640503,0.005246318411082029,0.14653408527374268,0.04051217436790466
82,6,right elbow,14,-0.12272170931100845,-0.2493613362312317,-0.17331603169441223,0.23905044794082642,0.022365521639585495
83,6,left wrist,15,0.1025722399353981,-0.13327667117118835,-0.10416862368583679,0.48422643542289734,0.012476903386414051
84,6,right wrist,16,-0.02056206576526165,-0.14238587021827698,-0.24963341653347015,0.062074728310108185,0.004302655346691608
85,6,left hip,23,0.10073326528072357,-0.007124850992113352,0.05638234317302704,0.0034048219677060843,0.00020701436733361334
86,6,right hip,24,-0.09877568483352661,-0.00327963731251657,-0.0533074252307415,0.004676241427659988,0.00022956097382120788
87,6,left knee,25,0.14478552341461182,-0.10858994722366333,-0.005071429070085287,0.023455336689949036,0.0002509512414690107
88,6,right knee,26,-0.10491826385259628,-0.054704733192920685,-0.21541227400302887,0.046262964606285095,0.0002225782081950456
89,6,left ankle,27,0.1304854303598404,0.13187286257743835,0.2819797098636627,0.008245274424552917,9.786152804736048e-05
90,6,right ankle,28,-0.10429268330335617,0.3332274556159973,0.06684776395559311,0.028473949059844017,0.00012133785639889538
91,7,head,0,0.06558514386415482,-0.6085519194602966,-0.22238551080226898,0.9989815950393677,0.9968854784965515
92,7,left shoulder,11,0.0984531044960022,-0.466793954372406,-0.010499853640794754,0.9844043254852295,0.8878074884414673
93,7,right_shoulder,12,-0.14209234714508057,-0.4468234181404114,-0.15509499609470367,0.9852176308631897,0.8808603882789612
94,7,left elbow,13,0.08407898992300034,-0.27023571729660034,0.012983626686036587,0.14078503847122192,0.07320956885814667
95,7,right elbow,14,-0.12058475613594055,-0.24577035009860992,-0.174215629696846,0.24579337239265442,0.033546678721904755
96,7,left wrist,15,0.11225948482751846,-0.16874782741069794,-0.08829869329929352,0.4575713872909546,0.06336052715778351
97,7,right wrist,16,-0.02439049631357193,-0.11483252048492432,-0.24664422869682312,0.0619187094271183,0.004665339831262827
98,7,left hip,23,0.09856091439723969,-0.007234578486531973,0.05797900632023811,0.003732202108949423,0.0005741441855207086
99,7,right hip,24,-0.09676618874073029,-0.003132341429591179,-0.05491919815540314,0.005344535689800978,0.00066606723703444
100,7,left knee,25,0.14620038866996765,-0.10904011130332947,-0.007356570102274418,0.02373291365802288,0.000647303240839392
101,7,right knee,26,-0.10102156549692154,-0.06846369802951813,-0.2168377935886383,0.05054521933197975,0.0007452431018464267
102,7,left ankle,27,0.13032402098178864,0.13479241728782654,0.27687308192253113,0.008132006973028183,0.0002134916721843183
103,7,right ankle,28,-0.10168538242578506,0.32902398705482483,0.05451848730444908,0.03132938966155052,0.00027306220727041364
104,8,head,0,0.06417714804410934,-0.6085391044616699,-0.2241949439048767,0.9989990592002869,0.9985523819923401
105,8,left shoulder,11,0.09740807861089706,-0.46708452701568604,-0.011152850463986397,0.9839175939559937,0.9066729545593262
106,8,right_shoulder,12,-0.14656177163124084,-0.4445682764053345,-0.15626245737075806,0.9855924844741821,0.954095721244812
107,8,left elbow,13,0.08614494651556015,-0.27645424008369446,0.008920780383050442,0.13833864033222198,0.07877874374389648
108,8,right elbow,14,-0.14235156774520874,-0.24455596506595612,-0.18391498923301697,0.2628253698348999,0.05420246720314026
109,8,left wrist,15,0.11443920433521271,-0.1843796670436859,-0.09080823510885239,0.43063977360725403,0.04613883048295975
110,8,right wrist,16,-0.08755062520503998,-0.09067428857088089,-0.25217127799987793,0.0626683458685875,0.004669462330639362
111,8,left hip,23,0.09777934104204178,-0.008433238603174686,0.058168526738882065,0.003931770566850901,0.00045720848720520735
112,8,right hip,24,-0.09634985774755478,-0.002099002478644252,-0.05510873720049858,0.005885588936507702,0.0007025030790828168
113,8,left knee,25,0.14580151438713074,-0.11006207764148712,-0.00669013662263751,0.02397969737648964,0.0005724909133277833
114,8,right knee,26,-0.10058380663394928,-0.05247006192803383,-0.21487653255462646,0.053127389401197433,0.0009044226608239114
115,8,left ankle,27,0.13083195686340332,0.13515619933605194,0.27023905515670776,0.008022801950573921,0.00019381969468668103
116,8,right ankle,28,-0.10433300584554672,0.3291774094104767,0.05861484631896019,0.03295033052563667,0.000337642733938992
117,9,head,0,0.06411296874284744,-0.6062131524085999,-0.24148879945278168,0.9989528059959412,0.9974236488342285
118,9,left shoulder,11,0.09542562067508698,-0.46692195534706116,-0.026153264567255974,0.9839684367179871,0.9326180219650269
119,9,right_shoulder,12,-0.1472148895263672,-0.44295501708984375,-0.17348609864711761,0.985729992389679,0.9466205835342407
120,9,left elbow,13,0.0870135948061943,-0.2773474156856537,0.007182538043707609,0.13514164090156555,0.06708324700593948
121,9,right elbow,14,-0.14228737354278564,-0.24195095896720886,-0.18962909281253815,0.270233690738678,0.031877774745225906
122,9,left wrist,15,0.11894552409648895,-0.19152706861495972,-0.09222876280546188,0.40640828013420105,0.04419524222612381
123,9,right wrist,16,-0.08028484135866165,-0.08789540082216263,-0.24832339584827423,0.061092425137758255,0.0028374174144119024
124,9,left hip,23,0.09740781038999557,-0.008447322994470596,0.05833137780427933,0.0038850062992423773,0.000398744159610942
125,9,right hip,24,-0.09592534601688385,-0.002019670093432069,-0.05524905025959015,0.0058970279060304165,0.0005258130840957165
126,9,left knee,25,0.14531786739826202,-0.11021426320075989,-0.010033035650849342,0.023692287504673004,0.00045670036342926323
127,9,right knee,26,-0.10143180191516876,-0.059784531593322754,-0.2141188234090805,0.053535159677267075,0.0005757607868872583
128,9,left ankle,27,0.130706787109375,0.13759605586528778,0.2685127556324005,0.007856682874262333,0.0002000674430746585
129,9,right ankle,28,-0.1053553894162178,0.3286832869052887,0.07171113044023514,0.03364216536283493,0.00026525507564656436
130,10,head,0,0.0640215128660202,-0.6050307154655457,-0.25091853737831116,0.9988723397254944,0.9970799088478088
131,10,left shoulder,11,0.09451179206371307,-0.4644826650619507,-0.037639208137989044,0.984908938407898,0.9754079580307007
132,10,right_shoulder,12,-0.14748379588127136,-0.4394499957561493,-0.18589602410793304,0.986172080039978,0.9656978845596313
133,10,left elbow,13,0.08938243240118027,-0.2713693082332611,-0.0008502525743097067,0.1359468698501587,0.07533347606658936
134,10,right elbow,14,-0.1415175199508667,-0.23763734102249146,-0.19019298255443573,0.2785671055316925,0.02875949814915657
135,10,left wrist,15,0.12250958383083344,-0.16310834884643555,-0.09639815241098404,0.38394641876220703,0.03789885714650154
136,10,right wrist,16,-0.07979044318199158,-0.08646523207426071,-0.2374207079410553,0.058319658041000366,0.0018991377437487245
137,10,left hip,23,0.09735497832298279,-0.008464759215712547,0.05833584815263748,0.003778752638027072,0.0003528966917656362
138,10,right hip,24,-0.09575391560792923,-0.0018861903809010983,-0.05523645877838135,0.0057241362519562244,0.00041643730946816504
139,10,left knee,25,0.14552758634090424,-0.11865883320569992,-0.034515202045440674,0.023263394832611084,0.0003710713644977659
140,10,right knee,26,-0.09998838603496552,-0.07662929594516754,-0.21317021548748016,0.05298272892832756,0.0004012929857708514
141,10,left ankle,27,0.1434393674135208,0.13751932978630066,0.2664090394973755,0.007721002213656902,0.00016167154535651207
142,10,right ankle,28,-0.10344399511814117,0.33135637640953064,0.10842444002628326,0.033671461045742035,0.0001901571376947686
143,11,head,0,0.0629720687866211,-0.6046192049980164,-0.2507014274597168,0.9985939860343933,0.9923650026321411
144,11,left shoulder,11,0.09281645715236664,-0.46381106972694397,-0.036667678505182266,0.9850615859031677,0.9310077428817749
145,11,right_shoulder,12,-0.14746282994747162,-0.4348171353340149,-0.1838267296552658,0.9848506450653076,0.8719180822372437
146,11,left elbow,13,0.09390249848365784,-0.27257174253463745,0.0016705042216926813,0.1360955685377121,0.08603999018669128
147,11,right elbow,14,-0.12254304438829422,-0.22414669394493103,-0.18960492312908173,0.28123944997787476,0.03018447756767273
148,11,left wrist,15,0.12924180924892426,-0.1813909113407135,-0.09740502387285233,0.37562236189842224,0.08358818292617798
149,11,right wrist,16,-0.03301331028342247,-0.08708031475543976,-0.22446203231811523,0.0578288733959198,0.0037085283547639847
150,11,left hip,23,0.0972253754734993,-0.008392705582082272,0.05829430744051933,0.003998137079179287,0.0006569012766703963
151,11,right hip,24,-0.09548607468605042,-0.0018936493434011936,-0.0551736056804657,0.005943879950791597,0.0007015470182523131
152,11,left knee,25,0.14941364526748657,-0.12156198173761368,-0.04670044407248497,0.023615488782525063,0.0005441398825496435
153,11,right knee,26,-0.0994846373796463,-0.09986407309770584,-0.21232761442661285,0.053708452731370926,0.0004851231933571398
154,11,left ankle,27,0.1466197371482849,0.13660411536693573,0.25342291593551636,0.007654552813619375,0.00019667598826345056
155,11,right ankle,28,-0.08814910799264908,0.3260810673236847,0.10747554898262024,0.03394859656691551,0.00020078560919500887
156,12,head,0,0.06000641733407974,-0.604677140712738,-0.25131478905677795,0.998496413230896,0.9943311214447021
157,12,left shoulder,11,0.09287650883197784,-0.46157899498939514,-0.03771926835179329,0.9856202602386475,0.9438676834106445
158,12,right_shoulder,12,-0.14757554233074188,-0.43172651529312134,-0.18259012699127197,0.9842913150787354,0.8988133668899536
159,12,left elbow,13,0.09775973111391068,-0.27217769622802734,0.000984297483228147,0.137061208486557,0.08145954459905624
160,12,right elbow,14,-0.11409366875886917,-0.21832090616226196,-0.18991956114768982,0.28971806168556213,0.0345635823905468
161,12,left wrist,15,0.13457529246807098,-0.1867402046918869,-0.10134586691856384,0.36797377467155457,0.08962432295084
162,12,right wrist,16,-0.012685421854257584,-0.10976672172546387,-0.22901351749897003,0.06227787956595421,0.007570703513920307
163,12,left hip,23,0.09742141515016556,-0.008387967012822628,0.05665142834186554,0.0042972685769200325,0.0007996849599294364
164,12,right hip,24,-0.09553275257349014,-0.0018443986773490906,-0.053441066294908524,0.006174555979669094,0.0008289692341350019
165,12,left knee,25,0.15487350523471832,-0.11844021081924438,-0.049532365053892136,0.02495812624692917,0.000659990357235074
166,12,right knee,26,-0.09894421696662903,-0.10026571154594421,-0.20905376970767975,0.0554485097527504,0.00054508465109393
167,12,left ankle,27,0.15755750238895416,0.14875374734401703,0.24553102254867554,0.007949348539113998,0.0002678260498214513
168,12,right ankle,28,-0.06943361461162567,0.3263511657714844,0.1084359809756279,0.03460951894521713,0.00028297893004491925
169,13,head,0,0.05400451272726059,-0.6047115325927734,-0.2550041377544403,0.9985253214836121,0.9964141845703125
170,13,left shoulder,11,0.09741758555173874,-0.45831701159477234,-0.052856508642435074,0.9862340092658997,0.9428427815437317
171,13,right_shoulder,12,-0.1472156047821045,-0.4299266040325165,-0.18119262158870697,0.9846394062042236,0.9429135918617249
172,13,left elbow,13,0.10327553004026413,-0.28899621963500977,-0.04095471650362015,0.1484760344028473,0.13072019815444946
173,13,right elbow,14,-0.11564996838569641,-0.21441631019115448,-0.19279538094997406,0.3080727756023407,0.07611403614282608
174,13,left wrist,15,0.09993194788694382,-0.33381766080856323,-0.1539534032344818,0.3769335448741913,0.2360445261001587
175,13,right wrist,16,-0.014706159010529518,-0.14920030534267426,-0.2516416609287262,0.08139796555042267,0.03472534567117691
176,13,left hip,23,0.09811956435441971,-0.008385643362998962,0.049981746822595596,0.005179618019610643,0.0019541189540177584
177,13,right hip,24,-0.0960608571767807,-0.001834546565078199,-0.04664337635040283,0.0071416436694562435,0.002429887419566512
178,13,left knee,25,0.16090571880340576,-0.11363137513399124,-0.04919563978910446,0.027695149183273315,0.0011383628007024527
179,13,right knee,26,-0.10053575038909912,-0.09878892451524734,-0.1926369071006775,0.05906621739268303,0.0011245394125580788
180,13,left ankle,27,0.16161294281482697,0.14858563244342804,0.24228373169898987,0.008530196733772755,0.000489093828946352
181,13,right ankle,28,-0.06153813377022743,0.3281436860561371,0.10774097591638565,0.036020226776599884,0.0006197562324814498
182,14,head,0,0.059477537870407104,-0.6007686257362366,-0.2543073892593384,0.9982988238334656,0.9886506795883179
183,14,left shoulder,11,0.0970621407032013,-0.46084311604499817,-0.037698835134506226,0.9850841164588928,0.836078941822052
184,14,right_shoulder,12,-0.14423306286334991,-0.43419358134269714,-0.17597055435180664,0.9768621921539307,0.6123537421226501
185,14,left elbow,13,0.11317151039838791,-0.294685423374176,-0.037166133522987366,0.1458432525396347,0.15331335365772247
186,14,right elbow,14,-0.06141173467040062,-0.22664354741573334,-0.1930232048034668,0.3302111327648163,0.07750403881072998
187,14,left wrist,15,0.11016078293323517,-0.31287336349487305,-0.1500880867242813,0.35530322790145874,0.09864559769630432
188,14,right wrist,16,0.04663575440645218,-0.20191404223442078,-0.2505768835544586,0.11274589598178864,0.05409630760550499
189,14,left hip,23,0.09784072637557983,-0.008833919651806355,0.04673038423061371,0.007108945865184069,0.0030478392727673054
190,14,right hip,24,-0.09562791138887405,-0.0013121389783918858,-0.04363571107387543,0.008397389203310013,0.0022907766979187727
191,14,left knee,25,0.16077342629432678,-0.10875000804662704,-0.04841332137584686,0.03137478977441788,0.0010811981046572328
192,14,right knee,26,-0.09576796740293503,-0.07674514502286911,-0.1785481572151184,0.06432408839464188,0.0007105423719622195
193,14,left ankle,27,0.16697116196155548,0.1687137484550476,0.22210226953029633,0.009302360936999321,0.00038562019472010434
194,14,right ankle,28,-0.029119480401277542,0.3414226472377777,0.0828956887125969,0.03722921758890152,0.0003598842886276543
195,15,head,0,0.05795704200863838,-0.5963361263275146,-0.2540023922920227,0.9982191324234009,0.99489825963974
196,15,left shoulder,11,0.09695779532194138,-0.45359793305397034,-0.04110947251319885,0.9861006140708923,0.9730070233345032
197,15,right_shoulder,12,-0.1442781537771225,-0.4332042336463928,-0.1816049963235855,0.9775511622428894,0.9284768104553223
198,15,left elbow,13,0.12402544915676117,-0.2888992428779602,-0.08002015203237534,0.16290034353733063,0.1751406043767929
199,15,right elbow,14,-0.070993572473526,-0.22640161216259003,-0.19240297377109528,0.34608209133148193,0.05437007173895836
200,15,left wrist,15,0.10702388733625412,-0.33646613359451294,-0.24186210334300995,0.39038363099098206,0.5211545825004578
201,15,right wrist,16,0.034982386976480484,-0.2154819518327713,-0.19860216975212097,0.12176299840211868,0.018552089110016823
202,15,left hip,23,0.09783690422773361,-0.006905775982886553,0.047099243849515915,0.0075254663825035095,0.0019303609151393175
203,15,right hip,24,-0.09556442499160767,-0.0028246191795915365,-0.043975427746772766,0.008455640636384487,0.001381854061037302
204,15,left knee,25,0.16838347911834717,-0.09990885853767395,-0.05877789109945297,0.03261183947324753,0.001097935950383544
205,15,right knee,26,-0.09714404493570328,-0.09856481850147247,-0.18063341081142426,0.06461784988641739,0.0006422537844628096
206,15,left ankle,27,0.16631081700325012,0.16866859793663025,0.20957942306995392,0.009799187071621418,0.00041492044692859054
207,15,right ankle,28,-0.04315809905529022,0.3351166844367981,0.09545634686946869,0.036601778119802475,0.0003356621600687504
208,16,head,0,0.05818060040473938,-0.5921853184700012,-0.25403037667274475,0.9977249503135681,0.9714880585670471
209,16,left shoulder,11,0.09296796470880508,-0.45497921109199524,-0.041010044515132904,0.9856825470924377,0.8714902400970459
210,16,right_shoulder,12,-0.14300833642482758,-0.4338071048259735,-0.18597470223903656,0.9735556840896606,0.6899179816246033
211,16,left elbow,13,0.13184280693531036,-0.30459851026535034,-0.06786809861660004,0.17707711458206177,0.18576350808143616
212,16,right elbow,14,-0.04139648377895355,-0.2386104166507721,-0.19266033172607422,0.3686080574989319,0.06081056222319603
213,16,left wrist,15,0.10723774135112762,-0.3154337406158447,-0.20717668533325195,0.39097100496292114,0.15117132663726807
214,16,right wrist,16,0.09368240088224411,-0.21722812950611115,-0.17735522985458374,0.13702009618282318,0.024208292365074158
215,16,left hip,23,0.09678032249212265,-0.006979027763009071,0.046507056802511215,0.008119332604110241,0.0017693081172183156
216,16,right hip,24,-0.09478211402893066,-0.0028021971229463816,-0.04347572475671768,0.008683469146490097,0.0012414013035595417
217,16,left knee,25,0.15122711658477783,-0.11577291786670685,-0.05682386830449104,0.034681033343076706,0.0005474297213368118
218,16,right knee,26,-0.10004474222660065,-0.07810338586568832,-0.17862650752067566,0.06899602711200714,0.00040308633469976485
219,16,left ankle,27,0.14532454311847687,0.15128937363624573,0.20076772570610046,0.009973584674298763,0.0001733716344460845
220,16,right ankle,28,-0.04504190385341644,0.3366023898124695,0.08709082007408142,0.0369577519595623,0.00014765883679501712
221,17,head,0,0.05098683759570122,-0.5903351306915283,-0.25385206937789917,0.9976391196250916,0.9898968935012817
222,17,left shoulder,11,0.08599283546209335,-0.4545063376426697,-0.04091843217611313,0.986310601234436,0.9489621520042419
223,17,right_shoulder,12,-0.14684456586837769,-0.43187278509140015,-0.19174592196941376,0.9730634093284607,0.8488452434539795
224,17,left elbow,13,0.13520671427249908,-0.30672627687454224,-0.08910327404737473,0.19668959081172943,0.22081643342971802
225,17,right elbow,14,-0.03777646645903587,-0.2437075972557068,-0.19804316759109497,0.39458271861076355,0.07003597915172577
226,17,left wrist,15,0.10481862723827362,-0.3307949900627136,-0.2392406314611435,0.4168487787246704,0.396237313747406
227,17,right wrist,16,0.10705511271953583,-0.26408782601356506,-0.16882269084453583,0.15279722213745117,0.026403337717056274
228,17,left hip,23,0.09644913673400879,-0.006910115946084261,0.04662498086690903,0.008496751077473164,0.0016223458806052804
229,17,right hip,24,-0.0943814069032669,-0.0028854080010205507,-0.04358555004000664,0.008726811036467552,0.0010732081718742847
230,17,left knee,25,0.15169672667980194,-0.13884523510932922,-0.06239470839500427,0.03623554855585098,0.0006504063494503498
231,17,right knee,26,-0.1001424491405487,-0.09826597571372986,-0.17921172082424164,0.07088052481412888,0.0004461968783289194
232,17,left ankle,27,0.14519231021404266,0.1284407079219818,0.20163221657276154,0.010164612904191017,0.00022149660799186677
233,17,right ankle,28,-0.05049543455243111,0.32625019550323486,0.09208034723997116,0.036978431046009064,0.0001571171305840835
234,18,head,0,0.0439133383333683,-0.5888406038284302,-0.2481568157672882,0.9975920915603638,0.994350790977478
235,18,left shoulder,11,0.08614526689052582,-0.4545574486255646,-0.04530186951160431,0.9871951937675476,0.9660046100616455
236,18,right_shoulder,12,-0.15254372358322144,-0.43080559372901917,-0.18782104551792145,0.9732363224029541,0.8634710907936096
237,18,left elbow,13,0.1373342126607895,-0.3092399537563324,-0.09620825946331024,0.2080531269311905,0.167212575674057
238,18,right elbow,14,-0.04797735437750816,-0.2521152198314667,-0.20331896841526031,0.41917937994003296,0.05238782614469528
239,18,left wrist,15,0.0788915678858757,-0.3254382014274597,-0.25247877836227417,0.42995646595954895,0.30186933279037476
240,18,right wrist,16,0.08125865459442139,-0.2685697376728058,-0.21233654022216797,0.18703050911426544,0.036786846816539764
241,18,left hip,23,0.09746826440095901,-0.008291867561638355,0.044048599898815155,0.008529954589903355,0.0012195865856483579
242,18,right hip,24,-0.09510649740695953,-0.0017668904038146138,-0.04080311581492424,0.008443186990916729,0.0008115782402455807
243,18,left knee,25,0.15092125535011292,-0.14857669174671173,-0.07460538297891617,0.0350465327501297,0.0002761202631518245
244,18,right knee,26,-0.12647394835948944,-0.10798895359039307,-0.17370818555355072,0.0678790807723999,0.00016373051039408892
245,18,left ankle,27,0.14582227170467377,0.11732461303472519,0.20182819664478302,0.010085152462124825,0.00012928358046337962
246,18,right ankle,28,-0.05163969472050667,0.31938043236732483,0.09201768040657043,0.03512171283364296,0.00012878846609964967
247,19,head,0,0.044438816606998444,-0.5881339311599731,-0.24808040261268616,0.9968687891960144,0.9705464839935303
248,19,left shoulder,11,0.08380220085382462,-0.45919954776763916,-0.04167989641427994,0.9861050248146057,0.8553037643432617
249,19,right_shoulder,12,-0.1524531990289688,-0.43439990282058716,-0.1878138929605484,0.967011570930481,0.5726239085197449
250,19,left elbow,13,0.14386872947216034,-0.3116249740123749,-0.051128435879945755,0.20902051031589508,0.17004048824310303
251,19,right elbow,14,-0.025732075795531273,-0.2633151412010193,-0.20555013418197632,0.424421101808548,0.046314213424921036
252,19,left wrist,15,0.15503455698490143,-0.23113533854484558,-0.1541467159986496,0.4176405370235443,0.06938329339027405
253,19,right wrist,16,0.12064184248447418,-0.24652522802352905,-0.2123558670282364,0.18961025774478912,0.014894857071340084
254,19,left hip,23,0.09685695171356201,-0.00879618525505066,0.044275913387537,0.008642734959721565,0.0010247763711959124
255,19,right hip,24,-0.09480609744787216,-0.0014451486058533192,-0.040989767760038376,0.008403387852013111,0.0007112201419658959
256,19,left knee,25,0.14588603377342224,-0.14388208091259003,-0.04622418060898781,0.034323800355196,0.0003233449242543429
257,19,right knee,26,-0.12373985350131989,-0.06713142991065979,-0.1673373579978943,0.06714831292629242,0.00026424566749483347
258,19,left ankle,27,0.13810287415981293,0.12008288502693176,0.20507395267486572,0.009753837250173092,0.00012086243805242702
259,19,right ankle,28,-0.06365468353033066,0.3261607885360718,0.09162173420190811,0.03407197445631027,0.00010869855032069609
260,20,head,0,0.03783602640032768,-0.5863507986068726,-0.2495655119419098,0.9963889122009277,0.9777935147285461
261,20,left shoulder,11,0.0825946107506752,-0.45918285846710205,-0.04582049325108528,0.9858826994895935,0.8863210082054138
262,20,right_shoulder,12,-0.16025325655937195,-0.433408260345459,-0.19059959053993225,0.9647314548492432,0.7061406373977661
263,20,left elbow,13,0.1493099182844162,-0.31914639472961426,-0.05579723045229912,0.2133392095565796,0.15218180418014526
264,20,right elbow,14,-0.03370245173573494,-0.26606571674346924,-0.2153516709804535,0.4304675757884979,0.043799471110105515
265,20,left wrist,15,0.149446040391922,-0.24054129421710968,-0.15491119027137756,0.41651850938796997,0.1178266778588295
266,20,right wrist,16,0.11172372847795486,-0.23800072073936462,-0.2262934148311615,0.1912313550710678,0.012863220646977425
267,20,left hip,23,0.09709253162145615,-0.009071271866559982,0.04449388012290001,0.008642058819532394,0.0010063372319564223
268,20,right hip,24,-0.09517649561166763,-0.0012181127676740289,-0.04121023416519165,0.008222303353250027,0.0007582551916129887
269,20,left knee,25,0.14352615177631378,-0.14289754629135132,-0.03673110157251358,0.03363041579723358,0.0004994405317120254
270,20,right knee,26,-0.12253803014755249,-0.06840555369853973,-0.15735675394535065,0.06470685452222824,0.0003380577254574746
271,20,left ankle,27,0.1360611915588379,0.11838256567716599,0.2111165076494217,0.009598258882761002,0.00018260933575220406
272,20,right ankle,28,-0.0693754032254219,0.31040260195732117,0.1092240959405899,0.03255203738808632,0.0001542803947813809
273,21,head,0,0.038716871291399,-0.5844625234603882,-0.24404263496398926,0.9946442246437073,0.9518504738807678
274,21,left shoulder,11,0.07025962322950363,-0.4587612450122833,-0.03387787938117981,0.9842281341552734,0.7857834696769714
275,21,right_shoulder,12,-0.15961414575576782,-0.4332434833049774,-0.19468198716640472,0.9607167840003967,0.6620020270347595
276,21,left elbow,13,0.1425996571779251,-0.32141491770744324,-0.05261802300810814,0.2060566544532776,0.11624054610729218
277,21,right elbow,14,-0.005362142343074083,-0.2703467905521393,-0.21348673105239868,0.4358247220516205,0.037521179765462875
278,21,left wrist,15,0.09854414314031601,-0.28992220759391785,-0.15132513642311096,0.40425124764442444,0.15383777022361755
279,21,right wrist,16,0.16988630592823029,-0.25812000036239624,-0.17213214933872223,0.18464340269565582,0.00867734756320715
280,21,left hip,23,0.09560475498437881,-0.00884153600782156,0.048114314675331116,0.008828828111290932,0.0011873167240992188
281,21,right hip,24,-0.09391520917415619,-0.0012980764731764793,-0.044989440590143204,0.00826488621532917,0.0008972444920800626
282,21,left knee,25,0.1401635706424713,-0.12627705931663513,-0.036450713872909546,0.033778928220272064,0.0007464229711331427
283,21,right knee,26,-0.11828572303056717,-0.06901641190052032,-0.15988655388355255,0.06483356654644012,0.0005010856548324227
284,21,left ankle,27,0.1364915519952774,0.14027641713619232,0.20851127803325653,0.009673762135207653,0.0002246899821329862
285,21,right ankle,28,-0.062242165207862854,0.317451536655426,0.10870063304901123,0.032082699239254,0.00017678878793958575
286,22,head,0,0.03944370895624161,-0.5783162713050842,-0.24508604407310486,0.9943024516105652,0.9745756387710571
287,22,left shoulder,11,0.06250935792922974,-0.458074152469635,-0.03257789835333824,0.9843491315841675,0.892731249332428
288,22,right_shoulder,12,-0.15918442606925964,-0.42973077297210693,-0.20679491758346558,0.9593280553817749,0.7153913378715515
289,22,left elbow,13,0.14106282591819763,-0.32136639952659607,-0.050101347267627716,0.2047383338212967,0.17374072968959808
290,22,right elbow,14,0.018846895545721054,-0.2674509286880493,-0.22326669096946716,0.44758185744285583,0.043435823172330856
291,22,left wrist,15,0.10169342160224915,-0.293130099773407,-0.14229561388492584,0.40386030077934265,0.19425535202026367
292,22,right wrist,16,0.21668344736099243,-0.2624790072441101,-0.17523130774497986,0.1839686632156372,0.01083765272051096
293,22,left hip,23,0.09434841573238373,-0.008831211365759373,0.05025077983736992,0.00903142150491476,0.0012768862070515752
294,22,right hip,24,-0.09266910701990128,-0.0012930012308061123,-0.04714035615324974,0.008311028592288494,0.0008297821041196585
295,22,left knee,25,0.1402507722377777,-0.12858322262763977,-0.03715546429157257,0.034346118569374084,0.0006974273128435016
296,22,right knee,26,-0.11442914605140686,-0.08290073275566101,-0.16075746715068817,0.06560797244310379,0.00041269147186540067
297,22,left ankle,27,0.1391022950410843,0.13854451477527618,0.20950232446193695,0.009745525196194649,0.00016710994532331824
298,22,right ankle,28,-0.05269799754023552,0.31664586067199707,0.11212413012981415,0.03187717869877815,0.00011747050302801654
299,23,head,0,0.03817908465862274,-0.5770939588546753,-0.2504568099975586,0.9942260980606079,0.9817056655883789
300,23,left shoulder,11,0.06256058067083359,-0.4580768048763275,-0.03438978269696236,0.9843207597732544,0.8709356784820557
301,23,right_shoulder,12,-0.16145114600658417,-0.42724278569221497,-0.20681676268577576,0.9575017094612122,0.7029573917388916
302,23,left elbow,13,0.13493287563323975,-0.3204008638858795,-0.05235695093870163,0.20043569803237915,0.13573110103607178
303,23,right elbow,14,0.005248169880360365,-0.26566147804260254,-0.2264549732208252,0.45884689688682556,0.047533147037029266
304,23,left wrist,15,0.09633581340312958,-0.3000032603740692,-0.14590848982334137,0.39482396841049194,0.14319278299808502
305,23,right wrist,16,0.17580582201480865,-0.2715795040130615,-0.1792125105857849,0.19226115942001343,0.01907794177532196
306,23,left hip,23,0.09438280761241913,-0.00913072470575571,0.050141554325819016,0.00918217096477747,0.0013739799614995718
307,23,right hip,24,-0.09268736094236374,-0.0009327629231847823,-0.04703259840607643,0.008309513330459595,0.0009362546843476593
308,23,left knee,25,0.13707491755485535,-0.1307193487882614,-0.03743301331996918,0.03464411199092865,0.0006020869477652013
309,23,right knee,26,-0.11677947640419006,-0.08656375110149384,-0.1614801436662674,0.06551998108625412,0.00037955312291160226
310,23,left ankle,27,0.13808757066726685,0.1373814046382904,0.20973409712314606,0.009754103608429432,0.00017283635679632425
311,23,right ankle,28,-0.054966989904642105,0.31686779856681824,0.11162541806697845,0.03138789162039757,0.00013107378617860377
312,24,head,0,0.03858217969536781,-0.5704007148742676,-0.271157443523407,0.9939412474632263,0.9748601317405701
313,24,left shoulder,11,0.05879117175936699,-0.45783257484436035,-0.05279086157679558,0.9844668507575989,0.8916276693344116
314,24,right_shoulder,12,-0.16186541318893433,-0.42085036635398865,-0.22225582599639893,0.9576725363731384,0.7873392105102539
315,24,left elbow,13,0.12450042366981506,-0.32261356711387634,-0.056734684854745865,0.20083218812942505,0.18286044895648956
316,24,right elbow,14,-0.0028760703280568123,-0.2597024142742157,-0.23763743042945862,0.4670838415622711,0.059674911201000214
317,24,left wrist,15,0.07812362164258957,-0.3058961033821106,-0.1393788605928421,0.39092403650283813,0.1741911917924881
318,24,right wrist,16,0.15942072868347168,-0.2634992301464081,-0.18014280498027802,0.19581960141658783,0.018139857798814774
319,24,left hip,23,0.09416180104017258,-0.009230473078787327,0.05008188635110855,0.009507282637059689,0.0021643219515681267
320,24,right hip,24,-0.09250827133655548,-0.0007549791480414569,-0.04697464406490326,0.008590384386479855,0.0016234415816143155
321,24,left knee,25,0.13606028258800507,-0.12017758935689926,-0.037869080901145935,0.03520471602678299,0.0008522798889316618
322,24,right knee,26,-0.11733470857143402,-0.07904504984617233,-0.15906104445457458,0.06609643995761871,0.0006065238849259913
323,24,left ankle,27,0.1359061300754547,0.1401941478252411,0.21032975614070892,0.009712651371955872,0.00025146620464511216
324,24,right ankle,28,-0.05642438307404518,0.3248308002948761,0.11363089084625244,0.03129400685429573,0.00019949597481172532
325,25,head,0,0.03872006759047508,-0.5713838338851929,-0.24565939605236053,0.9942048788070679,0.9896131157875061
326,25,left shoulder,11,0.05660264194011688,-0.46660396456718445,-0.025808291509747505,0.984321653842926,0.8856859803199768
327,25,right_shoulder,12,-0.1621968299150467,-0.42243221402168274,-0.18661010265350342,0.9569935202598572,0.7117030024528503
328,25,left elbow,13,0.1213783547282219,-0.3276655972003937,-0.008540292270481586,0.1937376707792282,0.25472408533096313
329,25,right elbow,14,-0.008271467871963978,-0.259371817111969,-0.22161151468753815,0.4810078740119934,0.09263576567173004
330,25,left wrist,15,0.11716293543577194,-0.30529457330703735,-0.08729545027017593,0.3740062415599823,0.13731257617473602
331,25,right wrist,16,0.15759608149528503,-0.25795793533325195,-0.18492527306079865,0.22918951511383057,0.0767444297671318
332,25,left hip,23,0.09305551648139954,-0.011869458481669426,0.048125047236680984,0.011204133741557598,0.004738351795822382
333,25,right hip,24,-0.09128964692354202,0.0022932507563382387,-0.045182060450315475,0.009999027475714684,0.0030692825093865395
334,25,left knee,25,0.13001105189323425,-0.10203273594379425,-0.03815511241555214,0.03532477095723152,0.0011343186488375068
335,25,right knee,26,-0.11724056303501129,-0.057507727295160294,-0.1569337248802185,0.06656433641910553,0.0006672721938230097
336,25,left ankle,27,0.1347486674785614,0.17396682500839233,0.20215214788913727,0.009925693273544312,0.00033441276173107326
337,25,right ankle,28,-0.04685724526643753,0.3443135917186737,0.06955733150243759,0.03172159940004349,0.00027837022207677364
338,26,head,0,0.038945719599723816,-0.5719682574272156,-0.23734834790229797,0.9946075677871704,0.996581494808197
339,26,left shoulder,11,0.04834304377436638,-0.47217434644699097,-0.013169592246413231,0.984931468963623,0.9543517827987671
340,26,right_shoulder,12,-0.16344007849693298,-0.42197465896606445,-0.1857677400112152,0.9585866332054138,0.8705575466156006
341,26,left elbow,13,0.12133174389600754,-0.3308137059211731,-0.007333169225603342,0.1896880567073822,0.5434464812278748
342,26,right elbow,14,-0.009129690937697887,-0.254643976688385,-0.2210243195295334,0.5069877505302429,0.2561059296131134
343,26,left wrist,15,0.1657465547323227,-0.2947436571121216,-0.09044204652309418,0.3631800413131714,0.31356754899024963
344,26,right wrist,16,0.15233440697193146,-0.25108107924461365,-0.18616890907287598,0.2638097107410431,0.1672549992799759
345,26,left hip,23,0.09034787863492966,-0.014455399475991726,0.048601314425468445,0.015195622108876705,0.015414511784911156
346,26,right hip,24,-0.08894773572683334,0.005089053884148598,-0.04578031226992607,0.013907069340348244,0.009776814840734005
347,26,left knee,25,0.12987691164016724,-0.096258744597435,-0.01700284332036972,0.035824768245220184,0.005573177244514227
348,26,right knee,26,-0.0965370312333107,-0.02326210029423237,-0.1543111652135849,0.07007062435150146,0.003878606017678976
349,26,left ankle,27,0.14186197519302368,0.1795874387025833,0.20330309867858887,0.010368319228291512,0.0014823130331933498
350,26,right ankle,28,-0.027427980676293373,0.36467885971069336,0.06097925826907158,0.03428292274475098,0.0009733383194543421
351,27,head,0,0.03825995698571205,-0.5701030492782593,-0.24894849956035614,0.9949093461036682,0.9948707818984985
352,27,left shoulder,11,0.04770218953490257,-0.47344470024108887,-0.029654646292328835,0.9856557250022888,0.9504194259643555
353,27,right_shoulder,12,-0.16701801121234894,-0.40881815552711487,-0.19486834108829498,0.9596352577209473,0.8096238374710083
354,27,left elbow,13,0.12430336326360703,-0.33911770582199097,-0.017488563433289528,0.190423846244812,0.3765937089920044
355,27,right elbow,14,-0.010987445712089539,-0.25379371643066406,-0.24865610897541046,0.5343767404556274,0.13297776877880096
356,27,left wrist,15,0.1727069765329361,-0.29591354727745056,-0.10489712655544281,0.36194613575935364,0.20273640751838684
357,27,right wrist,16,0.1436801254749298,-0.27505627274513245,-0.2586266100406647,0.3153773546218872,0.15045121312141418
358,27,left hip,23,0.09016827493906021,-0.019907481968402863,0.0474645271897316,0.015847861766815186,0.004776015877723694
359,27,right hip,24,-0.08859571814537048,0.010448090732097626,-0.04460394009947777,0.01439537201076746,0.0029163307044655085
360,27,left knee,25,0.13029740750789642,-0.09675196558237076,-0.02852862887084484,0.035086654126644135,0.0008489401661790907
361,27,right knee,26,-0.10802825540304184,-0.03359651193022728,-0.15258459746837616,0.06900399923324585,0.0005823913379572332
362,27,left ankle,27,0.14036747813224792,0.1740257740020752,0.20545879006385803,0.01030444260686636,0.00039925880264490843
363,27,right ankle,28,-0.032034967094659805,0.3682654798030853,0.05379553511738777,0.034292951226234436,0.00030694110319018364
364,28,head,0,0.038394566625356674,-0.571307897567749,-0.25659987330436707,0.995281994342804,0.996802806854248
365,28,left shoulder,11,0.04304862767457962,-0.48924538493156433,-0.021402694284915924,0.9835909605026245,0.8886560201644897
366,28,right_shoulder,12,-0.1548742651939392,-0.42273953557014465,-0.19580960273742676,0.9447508454322815,0.4192303717136383
367,28,left elbow,13,0.1277005523443222,-0.3726784884929657,-0.011070676147937775,0.1864578127861023,0.4474215507507324
368,28,right elbow,14,0.00973003264516592,-0.3150937855243683,-0.23828209936618805,0.5515944361686707,0.14019258320331573
369,28,left wrist,15,0.1978939026594162,-0.3137335181236267,-0.10250351577997208,0.3430928587913513,0.14848966896533966
370,28,right wrist,16,0.14801980555057526,-0.3567293584346771,-0.19198662042617798,0.33396509289741516,0.08519101142883301
371,28,left hip,23,0.08567830920219421,-0.01989416591823101,0.04841174930334091,0.021517083048820496,0.012278016656637192
372,28,right hip,24,-0.08370668441057205,0.010467792861163616,-0.04568661376833916,0.018323004245758057,0.005020716693252325
373,28,left knee,25,0.11572901904582977,-0.09272515773773193,-0.023070473223924637,0.03741886466741562,0.0026910779997706413
374,28,right knee,26,-0.10526126623153687,-0.03741377219557762,-0.15863245725631714,0.07783510535955429,0.0012233357410877943
375,28,left ankle,27,0.13014842569828033,0.1968810260295868,0.21089769899845123,0.010954671539366245,0.0005383366951718926
376,28,right ankle,28,-0.016310296952724457,0.37383899092674255,0.049571964889764786,0.0378921777009964,0.00030223053181543946
377,29,head,0,0.027860002592206,-0.57550048828125,-0.25455066561698914,0.9955808520317078,0.9940515160560608
378,29,left shoulder,11,0.0447390079498291,-0.4955498278141022,-0.021921515464782715,0.9846970438957214,0.9639056921005249
379,29,right_shoulder,12,-0.15501999855041504,-0.42212703824043274,-0.1963350623846054,0.9463279247283936,0.7520061135292053
380,29,left elbow,13,0.1636059582233429,-0.3854599893093109,-0.06325932592153549,0.22274012863636017,0.8074594140052795
381,29,right elbow,14,0.033637598156929016,-0.30450886487960815,-0.23265990614891052,0.5884739756584167,0.4754196107387543
382,29,left wrist,15,0.21079854667186737,-0.3179604113101959,-0.20787881314754486,0.3642914891242981,0.47896379232406616
383,29,right wrist,16,0.20461419224739075,-0.34012743830680847,-0.1659906506538391,0.38407188653945923,0.35693690180778503
384,29,left hip,23,0.08548671007156372,-0.020717119798064232,0.0465489886701107,0.035470787435770035,0.03194236010313034
385,29,right hip,24,-0.0836053341627121,0.011188467964529991,-0.04399314522743225,0.02750764787197113,0.015130366198718548
386,29,left knee,25,0.11657455563545227,-0.10235624015331268,-0.024543486535549164,0.04009402543306351,0.0020547749008983374
387,29,right knee,26,-0.09752240777015686,-0.03390384092926979,-0.1608635038137436,0.08511156588792801,0.0013632845366373658
388,29,left ankle,27,0.1232532486319542,0.17105090618133545,0.20861871540546417,0.011167298071086407,0.00047575656208209693
389,29,right ankle,28,-0.018436210229992867,0.3786505460739136,0.04772287234663963,0.03908862918615341,0.00028185101109556854
390,30,head,0,0.04532225802540779,-0.5468872785568237,-0.3132445216178894,0.9958531260490417,0.9948291182518005
391,30,left shoulder,11,0.04571334272623062,-0.49350813031196594,-0.06676949560642242,0.9857718348503113,0.9792894124984741
392,30,right_shoulder,12,-0.13287769258022308,-0.39012882113456726,-0.25848570466041565,0.9492508769035339,0.8399636149406433
393,30,left elbow,13,0.1860412210226059,-0.3800598084926605,-0.07731274515390396,0.2593039572238922,0.8873571753501892
394,30,right elbow,14,0.07635421305894852,-0.25656646490097046,-0.2683241367340088,0.6203399896621704,0.47245049476623535
395,30,left wrist,15,0.23751728236675262,-0.3124167025089264,-0.18879760801792145,0.38577377796173096,0.5527316331863403
396,30,right wrist,16,0.2506016790866852,-0.2594335675239563,-0.16728176176548004,0.42707252502441406,0.36160045862197876
397,30,left hip,23,0.08001500368118286,-0.023302922025322914,0.04732034355401993,0.06604693084955215,0.09050129354000092
398,30,right hip,24,-0.07911288738250732,0.014016523025929928,-0.04495367035269737,0.04966435953974724,0.03156780079007149
399,30,left knee,25,0.13480255007743835,-0.0638541728258133,0.009046312421560287,0.04431721940636635,0.0071952082216739655
400,30,right knee,26,-0.031176462769508362,0.04527935013175011,-0.1353916972875595,0.10372599214315414,0.004786537028849125
401,30,left ankle,27,0.1243419423699379,0.19836819171905518,0.23742744326591492,0.011770919896662235,0.001404717331752181
402,30,right ankle,28,-0.005807067267596722,0.4305740296840668,0.04938551038503647,0.04669791832566261,0.0007928159320726991
403,31,head,0,0.042128775268793106,-0.5479812622070312,-0.33634239435195923,0.996207594871521,0.9970964193344116
404,31,left shoulder,11,0.03671765327453613,-0.49265265464782715,-0.06711072474718094,0.9850708246231079,0.9117364287376404
405,31,right_shoulder,12,-0.12597548961639404,-0.3945806920528412,-0.2598630487918854,0.9479221105575562,0.679436445236206
406,31,left elbow,13,0.15036414563655853,-0.37623682618141174,-0.07630079984664917,0.26197922229766846,0.7165729403495789
407,31,right elbow,14,0.05683109164237976,-0.25662338733673096,-0.2630675733089447,0.6348564624786377,0.3601597845554352
408,31,left wrist,15,0.21798862516880035,-0.31185394525527954,-0.1870543658733368,0.3836491107940674,0.3640936315059662
409,31,right wrist,16,0.2199326902627945,-0.2580488324165344,-0.16950856149196625,0.44641706347465515,0.24088266491889954
410,31,left hip,23,0.07015344500541687,-0.023145047947764397,0.04929060861468315,0.08615954965353012,0.06391412019729614
411,31,right hip,24,-0.07109290361404419,0.013888624496757984,-0.047401249408721924,0.059803448617458344,0.020368296653032303
412,31,left knee,25,0.13712479174137115,-0.06758049130439758,0.080870620906353,0.044925909489393234,0.007746001705527306
413,31,right knee,26,0.021740062162280083,0.02216065675020218,-0.08958472311496735,0.10863175988197327,0.0037224688567221165
414,31,left ankle,27,0.10618174076080322,0.13706479966640472,0.2759409546852112,0.012258249334990978,0.0013578494545072317
415,31,right ankle,28,0.00010972638847306371,0.2318931221961975,0.11604052037000656,0.04695422947406769,0.0011137675028294325
416,32,head,0,0.04580921307206154,-0.5508909225463867,-0.32357922196388245,0.996549665927887,0.9979999661445618
417,32,left shoulder,11,0.037021927535533905,-0.49062779545783997,-0.06455565243959427,0.9857190847396851,0.9736024141311646
418,32,right_shoulder,12,-0.12226884812116623,-0.3917601704597473,-0.25540030002593994,0.9496716856956482,0.7471933364868164
419,32,left elbow,13,0.14613476395606995,-0.36952880024909973,-0.0674237608909607,0.27484217286109924,0.8498380780220032
420,32,right elbow,14,0.05128368362784386,-0.24198998510837555,-0.26622188091278076,0.6553357839584351,0.397623747587204
421,32,left wrist,15,0.20874299108982086,-0.29442068934440613,-0.15104086697101593,0.3897293210029602,0.49158769845962524
422,32,right wrist,16,0.2062751054763794,-0.25308898091316223,-0.17384082078933716,0.4730468690395355,0.3014458417892456
423,32,left hip,23,0.06631482392549515,-0.024521732702851295,0.05286993831396103,0.1252640187740326,0.1257995069026947
424,32,right hip,24,-0.0677318125963211,0.015541129745543003,-0.05134028568863869,0.08044429868459702,0.025582121685147285
425,32,left knee,25,0.1664036363363266,-0.10459180176258087,0.08304843306541443,0.04809552803635597,0.010770765133202076
426,32,right knee,26,0.06857521831989288,0.014542846009135246,-0.100692979991436,0.1206066831946373,0.00423011090606451
427,32,left ankle,27,0.1068536713719368,0.06758807599544525,0.26612159609794617,0.013031288981437683,0.0014731528935953975
428,32,right ankle,28,0.024938592687249184,0.16230031847953796,0.1220555528998375,0.04694412648677826,0.0010477498872205615
429,33,head,0,0.045674052089452744,-0.5337216854095459,-0.3618707060813904,0.9968811869621277,0.9994381070137024
430,33,left shoulder,11,0.03587379679083824,-0.48950281739234924,-0.0861014574766159,0.9868460297584534,0.9935550093650818
431,33,right_shoulder,12,-0.11311393231153488,-0.36590319871902466,-0.27581918239593506,0.9529824256896973,0.8554635643959045
432,33,left elbow,13,0.13909488916397095,-0.3679453432559967,-0.06539607793092728,0.29825255274772644,0.9497184157371521
433,33,right elbow,14,0.052871931344270706,-0.20576658844947815,-0.2827204465866089,0.6754552125930786,0.5477261543273926
434,33,left wrist,15,0.20310509204864502,-0.28638535737991333,-0.10824882984161377,0.40805739164352417,0.7171314358711243
435,33,right wrist,16,0.20251771807670593,-0.2267688661813736,-0.1857278048992157,0.5038039088249207,0.5038769841194153
436,33,left hip,23,0.06301835179328918,-0.027142008766531944,0.05290226265788078,0.19106893241405487,0.43932652473449707
437,33,right hip,24,-0.06454207003116608,0.018686309456825256,-0.05138581991195679,0.12768667936325073,0.08961320668458939
438,33,left knee,25,0.1709638237953186,-0.10408714413642883,0.08338344842195511,0.05376538261771202,0.03127933293581009
439,33,right knee,26,0.07804875075817108,0.003878850257024169,-0.09033222496509552,0.1397370845079422,0.010737244039773941
440,33,left ankle,27,0.10914064198732376,0.05799645930528641,0.2669629156589508,0.014290194027125835,0.00305555434897542
441,33,right ankle,28,0.03318583220243454,0.13900414109230042,0.15060387551784515,0.04792674630880356,0.0021941533777862787
442,34,head,0,0.03206932917237282,-0.5286177396774292,-0.4030241072177887,0.997150182723999,0.9982725381851196
443,34,left shoulder,11,0.02639102190732956,-0.4701597988605499,-0.11751151084899902,0.9868732690811157,0.9654080271720886
444,34,right_shoulder,12,-0.11243891716003418,-0.3355053663253784,-0.31242498755455017,0.953562319278717,0.7768662571907043
445,34,left elbow,13,0.12041915208101273,-0.33594563603401184,-0.09702829271554947,0.30394208431243896,0.8378379940986633
446,34,right elbow,14,0.0497676283121109,-0.1769763082265854,-0.30882301926612854,0.6841209530830383,0.5159865021705627
447,34,left wrist,15,0.18890438973903656,-0.2872069776058197,-0.14648984372615814,0.4082358479499817,0.5253894925117493
448,34,right wrist,16,0.1983647644519806,-0.21851123869419098,-0.20433920621871948,0.5173524022102356,0.4771890342235565
449,34,left hip,23,0.05665907636284828,-0.02707793563604355,0.05459677055478096,0.24041341245174408,0.3846593499183655
450,34,right hip,24,-0.05826154351234436,0.019161134958267212,-0.053340472280979156,0.159964457154274,0.11266818642616272
451,34,left knee,25,0.1910506933927536,-0.10151098668575287,0.09541285037994385,0.05867212265729904,0.048559654504060745
452,34,right knee,26,0.13578569889068604,-0.0655171126127243,-0.07085758447647095,0.15228566527366638,0.022115351632237434
453,34,left ankle,27,0.107516348361969,0.060903437435626984,0.2641882300376892,0.01682332530617714,0.01220653485506773
454,34,right ankle,28,0.06345667690038681,0.05086616054177284,0.15040235221385956,0.05051003396511078,0.007922803983092308
455,35,head,0,0.03248574584722519,-0.4969836175441742,-0.3965829014778137,0.9973335862159729,0.9968311190605164
456,35,left shoulder,11,0.028267618268728256,-0.4577009379863739,-0.11859175562858582,0.9866853356361389,0.9695073366165161
457,35,right_shoulder,12,-0.11383644491434097,-0.3474559783935547,-0.2941131889820099,0.9513733983039856,0.5879641771316528
458,35,left elbow,13,0.12099214643239975,-0.31360119581222534,-0.09100202471017838,0.31112223863601685,0.8636773824691772
459,35,right elbow,14,0.021455833688378334,-0.1927756816148758,-0.29646942019462585,0.6767240762710571,0.3171665370464325
460,35,left wrist,15,0.18991412222385406,-0.21859405934810638,-0.1310594379901886,0.4020726680755615,0.39693859219551086
461,35,right wrist,16,0.15538717806339264,-0.22044141590595245,-0.2039761245250702,0.5065613985061646,0.22274748980998993
462,35,left hip,23,0.05811348184943199,-0.027038702741265297,0.053714364767074585,0.2857659161090851,0.3840111196041107
463,35,right hip,24,-0.05949140340089798,0.019465869292616844,-0.052611347287893295,0.19132931530475616,0.0866641104221344
464,35,left knee,25,0.21016809344291687,-0.09223131090402603,0.08668028563261032,0.06703313440084457,0.043974947184324265
465,35,right knee,26,0.11305685341358185,-0.06148345023393631,-0.07229872792959213,0.17057247459888458,0.023119812831282616
466,35,left ankle,27,0.1255730390548706,0.07156495004892349,0.2629210650920868,0.019235065206885338,0.008976851589977741
467,35,right ankle,28,0.06922487914562225,0.11117269098758698,0.14877037703990936,0.05381700396537781,0.006654246244579554
468,36,head,0,0.03415335714817047,-0.4729611277580261,-0.44944173097610474,0.9975592494010925,0.9989784955978394
469,36,left shoulder,11,0.03882038593292236,-0.421339750289917,-0.17730355262756348,0.9867681860923767,0.9798985719680786
470,36,right_shoulder,12,-0.11545167863368988,-0.29142093658447266,-0.30468952655792236,0.9523615837097168,0.768838107585907
471,36,left elbow,13,0.15187755227088928,-0.273674875497818,-0.1209484115242958,0.3362351059913635,0.9360601902008057
472,36,right elbow,14,-0.023940620943903923,-0.08695526421070099,-0.29915276169776917,0.6589775085449219,0.36818861961364746
473,36,left wrist,15,0.21251508593559265,-0.16843655705451965,-0.1683875322341919,0.4075091779232025,0.6864263415336609
474,36,right wrist,16,0.00594043405726552,0.03028441220521927,-0.24268785119056702,0.4850148558616638,0.1548321396112442
475,36,left hip,23,0.05902114138007164,-0.02859755977988243,0.05168553814291954,0.3425752818584442,0.7710169553756714
476,36,right hip,24,-0.060286231338977814,0.023167114704847336,-0.050806302577257156,0.24357783794403076,0.3859679698944092
477,36,left knee,25,0.2510127127170563,-0.09740804880857468,0.03110063448548317,0.08870703727006912,0.4227341115474701
478,36,right knee,26,0.12296107411384583,-0.09130638837814331,-0.09364233911037445,0.19172978401184082,0.19472123682498932
479,36,left ankle,27,0.15888868272304535,0.0383162796497345,0.18969878554344177,0.025363612920045853,0.21175311505794525
480,36,right ankle,28,0.13571500778198242,0.005583011079579592,0.13100565969944,0.058507878333330154,0.1193084567785263
481,37,head,0,0.035349417477846146,-0.4503001272678375,-0.45245182514190674,0.9976528882980347,0.9946151375770569
482,37,left shoulder,11,0.046338196843862534,-0.4046275317668915,-0.1926189661026001,0.9869545698165894,0.9693231582641602
483,37,right_shoulder,12,-0.14132803678512573,-0.2686184048652649,-0.3113430142402649,0.9557847380638123,0.8890387415885925
484,37,left elbow,13,0.14995722472667694,-0.26888155937194824,-0.11929530650377274,0.332157164812088,0.8903642892837524
485,37,right elbow,14,-0.13855811953544617,-0.04867411032319069,-0.313850075006485,0.6613190174102783,0.46287357807159424
486,37,left wrist,15,0.20393750071525574,-0.1332525759935379,-0.08311666548252106,0.38544848561286926,0.5240646600723267
487,37,right wrist,16,-0.20071473717689514,0.16392214596271515,-0.294822633266449,0.4732730984687805,0.09258583188056946
488,37,left hip,23,0.061369188129901886,-0.03092235140502453,0.048046573996543884,0.3996022045612335,0.7313322424888611
489,37,right hip,24,-0.06306219100952148,0.027272669598460197,-0.047268688678741455,0.30425941944122314,0.4982336163520813
490,37,left knee,25,0.2321934998035431,-0.11144936084747314,0.013251647353172302,0.1129692941904068,0.4693428575992584
491,37,right knee,26,0.09578879922628403,-0.08097566664218903,-0.07656850665807724,0.2001166194677353,0.2580524682998657
492,37,left ankle,27,0.17907315492630005,0.025211365893483162,0.185678631067276,0.03318457677960396,0.33524593710899353
493,37,right ankle,28,0.13846074044704437,0.00891165155917406,0.15941183269023895,0.05963582172989845,0.21214917302131653
494,38,head,0,0.0426480732858181,-0.3723503649234772,-0.5657245516777039,0.9976245760917664,0.9798023104667664
495,38,left shoulder,11,0.08099328726530075,-0.3416791558265686,-0.31925493478775024,0.9870335459709167,0.9442371129989624
496,38,right_shoulder,12,-0.144505113363266,-0.21134136617183685,-0.39170515537261963,0.9596595764160156,0.9195154309272766
497,38,left elbow,13,0.15059754252433777,-0.24012768268585205,-0.16652774810791016,0.34102141857147217,0.7363057732582092
498,38,right elbow,14,-0.15316152572631836,0.012706782668828964,-0.4159812331199646,0.6787489056587219,0.26543450355529785
499,38,left wrist,15,0.17593741416931152,-0.14427606761455536,-0.08728869259357452,0.3710145354270935,0.49773886799812317
500,38,right wrist,16,-0.245966374874115,0.25701576471328735,-0.45283934473991394,0.47935056686401367,0.04490992799401283
501,38,left hip,23,0.06702299416065216,-0.03355605900287628,0.038590241223573685,0.447068989276886,0.5525815486907959
502,38,right hip,24,-0.06903134286403656,0.031144117936491966,-0.03769125044345856,0.35450807213783264,0.37913015484809875
503,38,left knee,25,0.22645476460456848,-0.11076747626066208,0.014602557756006718,0.14057673513889313,0.4106544554233551
504,38,right knee,26,0.08817347139120102,0.025888126343488693,0.006196571048349142,0.2008374184370041,0.16014164686203003
505,38,left ankle,27,0.17629699409008026,0.0066920178942382336,0.2534243166446686,0.04460839927196503,0.43815234303474426
506,38,right ankle,28,0.1091318130493164,0.02827439457178116,0.31425026059150696,0.05779719352722168,0.21737073361873627
507,39,head,0,0.042581915855407715,-0.40452367067337036,-0.51129549741745,0.9975981712341309,0.986221969127655
508,39,left shoulder,11,0.07598143070936203,-0.3737238049507141,-0.2594278156757355,0.9877906441688538,0.9796974062919617
509,39,right_shoulder,12,-0.1688041388988495,-0.23896236717700958,-0.3545108437538147,0.9632198214530945,0.9575827717781067
510,39,left elbow,13,0.14967557787895203,-0.25619274377822876,-0.10656191408634186,0.333647221326828,0.894639253616333
511,39,right elbow,14,-0.18964281678199768,-0.023909641429781914,-0.3746471405029297,0.6917570233345032,0.414563924074173
512,39,left wrist,15,0.19317451119422913,-0.15305843949317932,0.02571696974337101,0.357961505651474,0.7001957297325134
513,39,right wrist,16,-0.3084704279899597,0.2182057499885559,-0.39051973819732666,0.4807373881340027,0.044084884226322174
514,39,left hip,23,0.07485201209783554,-0.03821244463324547,0.03288467600941658,0.4977229833602905,0.8316070437431335
515,39,right hip,24,-0.07669847458600998,0.03663453832268715,-0.03204645216464996,0.41216081380844116,0.732269823551178
516,39,left knee,25,0.19770202040672302,-0.08969568461179733,0.11295486241579056,0.17717912793159485,0.576255202293396
517,39,right knee,26,0.06869494169950485,0.05648989975452423,0.09779342263936996,0.2183120995759964,0.2786322236061096
518,39,left ankle,27,0.1730480194091797,-0.011858278885483742,0.38204583525657654,0.062346410006284714,0.3748772442340851
519,39,right ankle,28,0.10608375072479248,0.05390460789203644,0.382374107837677,0.06451456248760223,0.18472574651241302
520,40,head,0,0.042698830366134644,-0.3642041087150574,-0.5568512678146362,0.9976044297218323,0.9846646189689636
521,40,left shoulder,11,0.07468155026435852,-0.3414739966392517,-0.31001198291778564,0.987891674041748,0.9664649963378906
522,40,right_shoulder,12,-0.16960129141807556,-0.20129422843456268,-0.38273948431015015,0.9664114117622375,0.9366220235824585
523,40,left elbow,13,0.14198344945907593,-0.26014772057533264,-0.10463912785053253,0.32142484188079834,0.8327587842941284
524,40,right elbow,14,-0.20284795761108398,0.011003612540662289,-0.41534423828125,0.7141320109367371,0.29343506693840027
525,40,left wrist,15,0.19978071749210358,-0.16865074634552002,0.010738519951701164,0.34067824482917786,0.676598846912384
526,40,right wrist,16,-0.32087498903274536,0.23178118467330933,-0.45055434107780457,0.49618130922317505,0.03156072273850441
527,40,left hip,23,0.07534095644950867,-0.041376497596502304,0.033670615404844284,0.5412480235099792,0.8381142020225525
528,40,right hip,24,-0.07709559053182602,0.04066178575158119,-0.03273991495370865,0.46219104528427124,0.7151625156402588
529,40,left knee,25,0.18504846096038818,-0.06863658875226974,0.1326519250869751,0.19570554792881012,0.7178144454956055
530,40,right knee,26,0.06502939015626907,0.10930083692073822,0.14631663262844086,0.23242217302322388,0.40626639127731323
531,40,left ankle,27,0.16661034524440765,0.009174694307148457,0.40267038345336914,0.07508057355880737,0.7320489883422852
532,40,right ankle,28,0.09441856294870377,0.07330918312072754,0.46758824586868286,0.06839127093553543,0.4544597864151001
533,41,head,0,0.045043785125017166,-0.3941311240196228,-0.5370492935180664,0.99748694896698,0.9521663188934326
534,41,left shoulder,11,0.0811251550912857,-0.34634163975715637,-0.29455897212028503,0.9869294166564941,0.8991783261299133
535,41,right_shoulder,12,-0.17020142078399658,-0.22855405509471893,-0.37406083941459656,0.9692963361740112,0.9273852705955505
536,41,left elbow,13,0.1419093906879425,-0.2665916979312897,-0.11352667212486267,0.3165034055709839,0.7674368619918823
537,41,right elbow,14,-0.20910188555717468,-0.019403206184506416,-0.4079984128475189,0.7343869209289551,0.3112640678882599
538,41,left wrist,15,0.19691088795661926,-0.2204309105873108,-0.021261947229504585,0.3316168785095215,0.5976032614707947
539,41,right wrist,16,-0.3340979516506195,0.21348923444747925,-0.44404125213623047,0.5151287317276001,0.0276508592069149
540,41,left hip,23,0.07692048698663712,-0.04089037701487541,0.03410732373595238,0.5734767913818359,0.6344507932662964
541,41,right hip,24,-0.0786275640130043,0.03964006528258324,-0.033123817294836044,0.4993267357349396,0.5225788354873657
542,41,left knee,25,0.182468444108963,-0.05109205096960068,0.13226056098937988,0.20359531044960022,0.45201361179351807
543,41,right knee,26,0.053525906056165695,0.09773929417133331,0.12212113291025162,0.23601076006889343,0.2237444967031479
544,41,left ankle,27,0.1627623736858368,0.0189155712723732,0.40343567728996277,0.07830210030078888,0.446723610162735
545,41,right ankle,28,0.08814680576324463,0.07832679152488708,0.43898069858551025,0.06825098395347595,0.25371718406677246
546,42,head,0,0.04578530043363571,-0.3482803702354431,-0.5722703337669373,0.9973790049552917,0.9442170262336731
547,42,left shoulder,11,0.08991865813732147,-0.3249985873699188,-0.3512076735496521,0.9871854186058044,0.9374621510505676
548,42,right_shoulder,12,-0.1713411808013916,-0.21186494827270508,-0.4177657663822174,0.9721862077713013,0.9704704880714417
549,42,left elbow,13,0.14286544919013977,-0.26681068539619446,-0.15970534086227417,0.31209802627563477,0.6312927007675171
550,42,right elbow,14,-0.2067727893590927,0.0016629388555884361,-0.4512263834476471,0.7532774209976196,0.2812887132167816
551,42,left wrist,15,0.18028883635997772,-0.22974836826324463,-0.03565672039985657,0.31865182518959045,0.4578620493412018
552,42,right wrist,16,-0.34277036786079407,0.23902173340320587,-0.49786046147346497,0.5323535799980164,0.029428469017148018
553,42,left hip,23,0.08009595423936844,-0.040702953934669495,0.033830199390649796,0.5956528782844543,0.5670790672302246
554,42,right hip,24,-0.08177431672811508,0.0389256477355957,-0.03282444551587105,0.5283816456794739,0.59073805809021
555,42,left knee,25,0.18317215144634247,-0.039682574570178986,0.20716731250286102,0.21114923059940338,0.45898017287254333
556,42,right knee,26,0.0025787674821913242,0.10189162194728851,0.20041795074939728,0.23789279162883759,0.29044032096862793
557,42,left ankle,27,0.15117762982845306,0.028487076982855797,0.5346769690513611,0.08375384658575058,0.5522556900978088
558,42,right ankle,28,0.044608209282159805,0.08383045345544815,0.5580055713653564,0.07183007895946503,0.38628432154655457
559,43,head,0,0.046740759164094925,-0.37483957409858704,-0.5458837151527405,0.9975713491439819,0.986076295375824
560,43,left shoulder,11,0.09397315979003906,-0.3318275511264801,-0.32441988587379456,0.9880776405334473,0.9833751320838928
561,43,right_shoulder,12,-0.1765764057636261,-0.2273673266172409,-0.3957882821559906,0.974897563457489,0.992361307144165
562,43,left elbow,13,0.1480863243341446,-0.26485735177993774,-0.22252033650875092,0.3415038287639618,0.9343571662902832
563,43,right elbow,14,-0.22984559834003448,-0.018711483106017113,-0.41958898305892944,0.7752333283424377,0.5615897178649902
564,43,left wrist,15,0.17302820086479187,-0.26448190212249756,-0.259089857339859,0.3576928675174713,0.8378769755363464
565,43,right wrist,16,-0.3610253632068634,0.21927723288536072,-0.4401121735572815,0.5660446882247925,0.03910678252577782
566,43,left hip,23,0.08250372111797333,-0.03777245059609413,0.033955082297325134,0.6229451894760132,0.7695130109786987
567,43,right hip,24,-0.08420269191265106,0.03651633486151695,-0.03289085254073143,0.5593037605285645,0.7221990823745728
568,43,left knee,25,0.1698400229215622,0.02165578305721283,0.18088524043560028,0.2190886288881302,0.6247923970222473
569,43,right knee,26,-0.01113050989806652,0.10912063717842102,0.15533983707427979,0.24798347055912018,0.3388339579105377
570,43,left ankle,27,0.10666926205158234,0.08007994294166565,0.5051718354225159,0.08735723793506622,0.4814474284648895
571,43,right ankle,28,0.009443889372050762,0.08877039700746536,0.5133500099182129,0.0761975422501564,0.29847538471221924
572,44,head,0,0.04719356447458267,-0.3842010498046875,-0.5407010316848755,0.9976425766944885,0.9607944488525391
573,44,left shoulder,11,0.09595444053411484,-0.33405259251594543,-0.33381882309913635,0.9887253046035767,0.9543501734733582
574,44,right_shoulder,12,-0.18186724185943604,-0.23669178783893585,-0.40248093008995056,0.9772920608520508,0.979873538017273
575,44,left elbow,13,0.15049879252910614,-0.2654034197330475,-0.23001858592033386,0.3561612069606781,0.7187130451202393
576,44,right elbow,14,-0.22999617457389832,-0.025063786655664444,-0.4253953695297241,0.7925841212272644,0.2917162775993347
577,44,left wrist,15,0.15787285566329956,-0.29461976885795593,-0.2405042052268982,0.3680495321750641,0.5763109922409058
578,44,right wrist,16,-0.36474597454071045,0.20990128815174103,-0.45231908559799194,0.5855299234390259,0.02481790818274021
579,44,left hip,23,0.08607818931341171,-0.03589292988181114,0.03307804465293884,0.633216142654419,0.40213918685913086
580,44,right hip,24,-0.08782242238521576,0.034925494343042374,-0.03198469430208206,0.572917103767395,0.4239879846572876
581,44,left knee,25,0.17022952437400818,0.0196819007396698,0.20496845245361328,0.22794219851493835,0.4196524918079376
582,44,right knee,26,-0.020551299676299095,0.12123174220323563,0.18023623526096344,0.2477138191461563,0.23358507454395294
583,44,left ankle,27,0.1046755239367485,0.08459710329771042,0.5553632378578186,0.09058403223752975,0.4084899425506592
584,44,right ankle,28,0.007172728888690472,0.11031986027956009,0.5667173862457275,0.07809344679117203,0.27665361762046814
585,45,head,0,0.056148968636989594,-0.3840813934803009,-0.5407397150993347,0.9976758360862732,0.972740650177002
586,45,left shoulder,11,0.09528020024299622,-0.3394237458705902,-0.3333801031112671,0.9892081618309021,0.9525763392448425
587,45,right_shoulder,12,-0.1797415316104889,-0.2385956197977066,-0.39944684505462646,0.9794741868972778,0.9905754327774048
588,45,left elbow,13,0.14199870824813843,-0.3103654682636261,-0.2051965743303299,0.3447994887828827,0.7442116737365723
589,45,right elbow,14,-0.23810763657093048,-0.01767709292471409,-0.4322190284729004,0.8071744441986084,0.38153699040412903
590,45,left wrist,15,0.15930679440498352,-0.3204445242881775,-0.061175961047410965,0.35433363914489746,0.6204009652137756
591,45,right wrist,16,-0.371271014213562,0.21724651753902435,-0.47573763132095337,0.5993140339851379,0.03362300992012024
592,45,left hip,23,0.08612138032913208,-0.03491434082388878,0.030493395403027534,0.653713583946228,0.6893178224563599
593,45,right hip,24,-0.0878223180770874,0.03437952324748039,-0.02939482033252716,0.6021592617034912,0.80315101146698
594,45,left knee,25,0.1394158899784088,0.013488533906638622,0.24409465491771698,0.23053789138793945,0.6522717475891113
595,45,right knee,26,-0.04166731238365173,0.10809168219566345,0.24119246006011963,0.25179851055145264,0.5321683287620544
596,45,left ankle,27,0.05480288714170456,0.08842092752456665,0.5977749824523926,0.09860294312238693,0.7471997737884521
597,45,right ankle,28,-0.020718086510896683,0.11694559454917908,0.6155228614807129,0.09050136804580688,0.6360734105110168
598,46,head,0,0.05813116207718849,-0.39777904748916626,-0.5334619283676147,0.9976685047149658,0.9623727798461914
599,46,left shoulder,11,0.09463918209075928,-0.3437541425228119,-0.31722521781921387,0.9886013865470886,0.882731020450592
600,46,right_shoulder,12,-0.17830204963684082,-0.2417980283498764,-0.392398476600647,0.981342077255249,0.9761872887611389
601,46,left elbow,13,0.12907899916172028,-0.3304864764213562,-0.16188693046569824,0.32798925042152405,0.6910331845283508
602,46,right elbow,14,-0.2372838854789734,-0.020454980432987213,-0.4215754270553589,0.8176406621932983,0.3398081660270691
603,46,left wrist,15,0.16144032776355743,-0.3605519235134125,-0.036073874682188034,0.33833640813827515,0.5859289169311523
604,46,right wrist,16,-0.36517640948295593,0.20555254817008972,-0.45673322677612305,0.6092628240585327,0.041990119963884354
605,46,left hip,23,0.08602404594421387,-0.03428030386567116,0.029423974454402924,0.6691069602966309,0.7003666758537292
606,46,right hip,24,-0.08769707381725311,0.03407079726457596,-0.028335586190223694,0.6268687844276428,0.7929178476333618
607,46,left knee,25,0.13555045425891876,0.0008007001597434282,0.20990371704101562,0.230795755982399,0.595458984375
608,46,right knee,26,-0.06780587136745453,0.10832729935646057,0.2040402740240097,0.2548213005065918,0.46844303607940674
609,46,left ankle,27,0.046696145087480545,0.08789047598838806,0.5318344831466675,0.10308881849050522,0.7296793460845947
610,46,right ankle,28,-0.02832035720348358,0.11879128217697144,0.5578550100326538,0.09617515653371811,0.5955501198768616
611,47,head,0,0.06561615318059921,-0.3936181366443634,-0.5324246883392334,0.9977540969848633,0.9783379435539246
612,47,left shoulder,11,0.09563755244016647,-0.33502352237701416,-0.3225741386413574,0.9881017804145813,0.9045838713645935
613,47,right_shoulder,12,-0.17732375860214233,-0.24326938390731812,-0.3932078182697296,0.983095109462738,0.9884146451950073
614,47,left elbow,13,0.11394894123077393,-0.323931485414505,-0.1589815467596054,0.3088130056858063,0.6237268447875977
615,47,right elbow,14,-0.24938300251960754,-0.017038488760590553,-0.4258648753166199,0.8295004963874817,0.31357309222221375
616,47,left wrist,15,0.17878621816635132,-0.35255736112594604,-0.04417207092046738,0.31980782747268677,0.4554193615913391
617,47,right wrist,16,-0.38783884048461914,0.22150062024593353,-0.46489816904067993,0.6180417537689209,0.025174055248498917
618,47,left hip,23,0.08596102893352509,-0.03345243260264397,0.028674280270934105,0.6808723211288452,0.6618920564651489
619,47,right hip,24,-0.08761713653802872,0.033481042832136154,-0.02756253257393837,0.6485953330993652,0.8077064156532288
620,47,left knee,25,0.13416236639022827,0.001942817005328834,0.19985336065292358,0.23775772750377655,0.664587676525116
621,47,right knee,26,-0.07185015827417374,0.10931488126516342,0.20444642007350922,0.26682227849960327,0.5960592031478882
622,47,left ankle,27,0.04750312864780426,0.09582724422216415,0.5266953110694885,0.113682821393013,0.7709450125694275
623,47,right ankle,28,-0.03285204991698265,0.1306481808423996,0.5702199339866638,0.10897868126630783,0.6841651797294617
624,48,head,0,0.071499302983284,-0.394864946603775,-0.5308774709701538,0.9978052973747253,0.9598405361175537
625,48,left shoulder,11,0.10040273517370224,-0.333317369222641,-0.32758933305740356,0.9846929907798767,0.6872984170913696
626,48,right_shoulder,12,-0.1687244176864624,-0.2442820966243744,-0.3997248709201813,0.9845866560935974,0.9728297591209412
627,48,left elbow,13,0.0955999344587326,-0.34998828172683716,-0.16322505474090576,0.28649279475212097,0.3799511790275574
628,48,right elbow,14,-0.2583191394805908,-0.020230460911989212,-0.43174394965171814,0.8336670398712158,0.2652817964553833
629,48,left wrist,15,0.18336166441440582,-0.4272032380104065,-0.056656576693058014,0.2967207729816437,0.19513820111751556
630,48,right wrist,16,-0.4054642617702484,0.20830823481082916,-0.47635892033576965,0.6187930107116699,0.025885941460728645
631,48,left hip,23,0.08586308360099792,-0.031488314270973206,0.027728823944926262,0.6734321713447571,0.4055609405040741
632,48,right hip,24,-0.0875142365694046,0.03168603032827377,-0.026630297303199768,0.6585000157356262,0.6731260418891907
633,48,left knee,25,0.12766915559768677,-0.004293087869882584,0.19752968847751617,0.23030322790145874,0.4584071934223175
634,48,right knee,26,-0.09155654907226562,0.104302778840065,0.21141615509986877,0.2631182074546814,0.49666085839271545
635,48,left ankle,27,0.038268908858299255,0.08673332631587982,0.5189563632011414,0.11571135371923447,0.6612628698348999
636,48,right ankle,28,-0.0494389683008194,0.13560307025909424,0.5632659196853638,0.1153644397854805,0.6045201420783997
637,49,head,0,0.07569810003042221,-0.4104214608669281,-0.5230863690376282,0.9976663589477539,0.9670010209083557
638,49,left shoulder,11,0.09371452033519745,-0.3361801505088806,-0.31679755449295044,0.9828099608421326,0.8253685235977173
639,49,right_shoulder,12,-0.1698179990053177,-0.24947237968444824,-0.3851860761642456,0.9859106540679932,0.9820379018783569
640,49,left elbow,13,0.047370459884405136,-0.3301279544830322,-0.10310227423906326,0.2615180015563965,0.5572779774665833
641,49,right elbow,14,-0.28643742203712463,-0.023004449903964996,-0.42684173583984375,0.8429802656173706,0.2963431775569916
642,49,left wrist,15,0.17209413647651672,-0.31192073225975037,0.03010649047791958,0.2738468050956726,0.41006219387054443
643,49,right wrist,16,-0.41302648186683655,0.2094353288412094,-0.47032734751701355,0.6217679381370544,0.015769818797707558
644,49,left hip,23,0.08521030098199844,-0.031459130346775055,0.02783592976629734,0.6809981465339661,0.6940444111824036
645,49,right hip,24,-0.0868772640824318,0.03155587241053581,-0.026730969548225403,0.6782050728797913,0.8688267469406128
646,49,left knee,25,0.127188041806221,-0.0071339975111186504,0.24129022657871246,0.23500850796699524,0.6297897696495056
647,49,right knee,26,-0.07513006776571274,0.09538008272647858,0.23834651708602905,0.28042328357696533,0.579497218132019
648,49,left ankle,27,0.028099294751882553,0.08993612229824066,0.5486516952514648,0.13330109417438507,0.7717040777206421
649,49,right ankle,28,-0.04162841662764549,0.14625759422779083,0.5679962635040283,0.14054682850837708,0.6396262645721436
650,50,head,0,0.07449377328157425,-0.4307943284511566,-0.4826815724372864,0.9974048733711243,0.9386222958564758
651,50,left shoulder,11,0.08606476336717606,-0.34430065751075745,-0.25629788637161255,0.9781888723373413,0.6017741560935974
652,50,right_shoulder,12,-0.1698646992444992,-0.27839207649230957,-0.367785781621933,0.9868810772895813,0.9470601677894592
653,50,left elbow,13,0.04326885938644409,-0.31550583243370056,-0.09043322503566742,0.24079769849777222,0.4056612551212311
654,50,right elbow,14,-0.2856399118900299,-0.0453387014567852,-0.40533679723739624,0.8414130210876465,0.31964176893234253
655,50,left wrist,15,0.14261960983276367,-0.30313047766685486,0.01199627760797739,0.251918226480484,0.2703993022441864
656,50,right wrist,16,-0.42191165685653687,0.20805077254772186,-0.4379095137119293,0.6139489412307739,0.04108358174562454
657,50,left hip,23,0.085026316344738,-0.029099002480506897,0.027965692803263664,0.6889855861663818,0.5284226536750793
658,50,right hip,24,-0.08672423660755157,0.029218975454568863,-0.02685360424220562,0.6930680274963379,0.7524462342262268
659,50,left knee,25,0.14233991503715515,-0.00673736073076725,0.13223040103912354,0.23860546946525574,0.3476950228214264
660,50,right knee,26,-0.061999160796403885,0.09692690521478653,0.08764874190092087,0.27934348583221436,0.41321438550949097
661,50,left ankle,27,0.03907528147101402,0.11929664760828018,0.352444589138031,0.1366739720106125,0.44733133912086487
662,50,right ankle,28,-0.03453013300895691,0.18125692009925842,0.32924792170524597,0.14133614301681519,0.3897255063056946
663,51,head,0,0.07414954155683517,-0.4290975332260132,-0.4710804224014282,0.9975590705871582,0.9865277409553528
664,51,left shoulder,11,0.06154676899313927,-0.35683751106262207,-0.24551425874233246,0.9782771468162537,0.8491199612617493
665,51,right_shoulder,12,-0.16799896955490112,-0.27649861574172974,-0.3650902509689331,0.9880253076553345,0.9764377474784851
666,51,left elbow,13,0.02100246027112007,-0.3374733626842499,-0.05920073017477989,0.22336404025554657,0.6057556867599487
667,51,right elbow,14,-0.2757109999656677,-0.03632134571671486,-0.4051221013069153,0.8482871055603027,0.37967321276664734
668,51,left wrist,15,0.12823618948459625,-0.35379645228385925,0.07235150784254074,0.23254317045211792,0.3942854106426239
669,51,right wrist,16,-0.40641897916793823,0.20847643911838531,-0.4371606707572937,0.6176254153251648,0.04297724738717079
670,51,left hip,23,0.07937723398208618,-0.029155204072594643,0.03154776990413666,0.6992303729057312,0.5365909337997437
671,51,right hip,24,-0.08118785172700882,0.02917669713497162,-0.03041733242571354,0.7054588198661804,0.7004228830337524
672,51,left knee,25,0.16483476758003235,-0.030343323945999146,0.07801302522420883,0.2359197586774826,0.42651304602622986
673,51,right knee,26,-0.002683814615011215,0.06956174969673157,0.030162353068590164,0.27713191509246826,0.3852565884590149
674,51,left ankle,27,0.04232652112841606,0.11249661445617676,0.27398890256881714,0.1362471580505371,0.5013795495033264
675,51,right ankle,28,-0.026932930573821068,0.16537447273731232,0.2773887813091278,0.13950853049755096,0.3735657334327698
676,52,head,0,0.07369934767484665,-0.40116631984710693,-0.5122042298316956,0.9977364540100098,0.9904674887657166
677,52,left shoulder,11,0.05125223845243454,-0.3563326895236969,-0.29312849044799805,0.9790874123573303,0.8980029225349426
678,52,right_shoulder,12,-0.15912383794784546,-0.23664382100105286,-0.41228365898132324,0.9891076683998108,0.9830924868583679
679,52,left elbow,13,0.023066168650984764,-0.37338986992836,-0.07690104097127914,0.21750622987747192,0.6597743034362793
680,52,right elbow,14,-0.26808157563209534,-0.015809591859579086,-0.4575916528701782,0.8599528074264526,0.4374639391899109
681,52,left wrist,15,0.10357476770877838,-0.43440482020378113,0.0371263287961483,0.22205248475074768,0.4201337397098541
682,52,right wrist,16,-0.4076233208179474,0.2127508670091629,-0.49036484956741333,0.6378401517868042,0.05449117720127106
683,52,left hip,23,0.07430379837751389,-0.030293993651866913,0.032599836587905884,0.7115539908409119,0.4314959645271301
684,52,right hip,24,-0.07620633393526077,0.029972337186336517,-0.03139927238225937,0.7183788418769836,0.5697289705276489
685,52,left knee,25,0.1666182279586792,-0.02447117306292057,0.10220213979482651,0.2386992871761322,0.45712801814079285
686,52,right knee,26,0.03251393511891365,0.0898999273777008,0.06789856404066086,0.276519775390625,0.37730443477630615
687,52,left ankle,27,0.06998983025550842,0.12762503325939178,0.34238532185554504,0.13997788727283478,0.4759288728237152
688,52,right ankle,28,0.016508493572473526,0.1860448122024536,0.3466559052467346,0.14085571467876434,0.38440126180648804
689,53,head,0,0.07241562008857727,-0.40881919860839844,-0.509212076663971,0.9977610111236572,0.9743170738220215
690,53,left shoulder,11,0.03322707861661911,-0.3955695927143097,-0.2887802720069885,0.9798929691314697,0.8401502370834351
691,53,right_shoulder,12,-0.15938621759414673,-0.2372354418039322,-0.41064703464508057,0.9901100993156433,0.9902685880661011
692,53,left elbow,13,0.032471057027578354,-0.45487815141677856,-0.10852275788784027,0.22672607004642487,0.4573644995689392
693,53,right elbow,14,-0.26806819438934326,-0.017653482034802437,-0.4613267779350281,0.8710848689079285,0.6617722511291504
694,53,left wrist,15,0.11450725048780441,-0.5453842282295227,0.01989361271262169,0.21499240398406982,0.11464575678110123
695,53,right wrist,16,-0.39738455414772034,0.2093343734741211,-0.49848005175590515,0.6563851833343506,0.0857972651720047
696,53,left hip,23,0.07095389813184738,-0.03300666809082031,0.03275055065751076,0.7220105528831482,0.21353048086166382
697,53,right hip,24,-0.07300690561532974,0.031772859394550323,-0.031580597162246704,0.7336893081665039,0.4494016766548157
698,53,left knee,25,0.16625013947486877,-0.019216878339648247,0.06460978090763092,0.23551984131336212,0.20405790209770203
699,53,right knee,26,0.041661061346530914,0.13803888857364655,0.03875899687409401,0.2672123610973358,0.22147643566131592
700,53,left ankle,27,0.07859572023153305,0.16881665587425232,0.30200105905532837,0.13286146521568298,0.19036588072776794
701,53,right ankle,28,0.02315417304635048,0.28586989641189575,0.3034142851829529,0.13702236115932465,0.14726272225379944
702,54,head,0,0.06420029699802399,-0.41153624653816223,-0.5043455958366394,0.9978676438331604,0.9824841618537903
703,54,left shoulder,11,0.03508768230676651,-0.3916633129119873,-0.2677386999130249,0.9781956672668457,0.7360713481903076
704,54,right_shoulder,12,-0.16488124430179596,-0.2612246870994568,-0.3950750231742859,0.9908204674720764,0.9728158116340637
705,54,left elbow,13,0.021533755585551262,-0.3759501874446869,-0.10311158746480942,0.21963699162006378,0.45507270097732544
706,54,right elbow,14,-0.2728896737098694,-0.031176922842860222,-0.42715415358543396,0.8759361505508423,0.4066831171512604
707,54,left wrist,15,0.10469870269298553,-0.45610034465789795,0.011893350630998611,0.2071935534477234,0.14791809022426605
708,54,right wrist,16,-0.39916902780532837,0.20773069560527802,-0.43363702297210693,0.6593655347824097,0.03600957244634628
709,54,left hip,23,0.0713341236114502,-0.03306245058774948,0.03363879770040512,0.7085548043251038,0.17210368812084198
710,54,right hip,24,-0.07359083741903305,0.03169636055827141,-0.03237465023994446,0.7293577790260315,0.3198404610157013
711,54,left knee,25,0.16619190573692322,-0.0160738006234169,0.06939844787120819,0.22700874507427216,0.0845203697681427
712,54,right knee,26,0.02977650612592697,0.1835247278213501,-0.0005553765804506838,0.26471784710884094,0.1344190388917923
713,54,left ankle,27,0.08936936408281326,0.17630432546138763,0.3128579258918762,0.12579774856567383,0.06052073836326599
714,54,right ankle,28,0.018972154706716537,0.37973329424858093,0.23519641160964966,0.14010383188724518,0.05288168787956238
715,55,head,0,0.06049736589193344,-0.45865046977996826,-0.4752090573310852,0.997989296913147,0.9890159964561462
716,55,left shoulder,11,0.02818685956299305,-0.3964674174785614,-0.21691834926605225,0.9767336249351501,0.7558773756027222
717,55,right_shoulder,12,-0.1722903996706009,-0.31067925691604614,-0.3482034504413605,0.9913970828056335,0.9695195555686951
718,55,left elbow,13,0.004278002306818962,-0.31261467933654785,-0.06209927797317505,0.21602974832057953,0.4725690484046936
719,55,right elbow,14,-0.2819581925868988,-0.06659382581710815,-0.36919838190078735,0.8805079460144043,0.43751806020736694
720,55,left wrist,15,0.056718286126852036,-0.27014631032943726,0.04487765207886696,0.19975879788398743,0.14526963233947754
721,55,right wrist,16,-0.40087220072746277,0.18747881054878235,-0.36482933163642883,0.6585745811462402,0.033783335238695145
722,55,left hip,23,0.07158444076776505,-0.033130351454019547,0.03668849170207977,0.6806191802024841,0.08901664614677429
723,55,right hip,24,-0.07374687492847443,0.031411971896886826,-0.03525558114051819,0.7111533284187317,0.16474223136901855
724,55,left knee,25,0.1688794493675232,-0.015264623798429966,0.04071950539946556,0.219023659825325,0.0349959172308445
725,55,right knee,26,0.029764870181679726,0.17340871691703796,-0.09744755178689957,0.267361581325531,0.06039992347359657
726,55,left ankle,27,0.1077795922756195,0.189154714345932,0.2592945098876953,0.11787345260381699,0.014275235123932362
727,55,right ankle,28,0.01799350418150425,0.4106631875038147,0.09704050421714783,0.1447400152683258,0.01671806164085865
728,56,head,0,0.05338512733578682,-0.4673686623573303,-0.4633093476295471,0.9980652928352356,0.9861719012260437
729,56,left shoulder,11,0.01826738379895687,-0.39390426874160767,-0.21353952586650848,0.9743465781211853,0.6882660984992981
730,56,right_shoulder,12,-0.17845825850963593,-0.311646968126297,-0.34019625186920166,0.9917042255401611,0.9480583667755127
731,56,left elbow,13,-0.02594853565096855,-0.28166860342025757,-0.05424722656607628,0.2036954015493393,0.34495750069618225
732,56,right elbow,14,-0.2900713384151459,-0.07150261849164963,-0.36444467306137085,0.8827059268951416,0.354733407497406
733,56,left wrist,15,0.024307770654559135,-0.2026509791612625,0.06316948682069778,0.18563246726989746,0.07120868563652039
734,56,right wrist,16,-0.40399888157844543,0.1848713606595993,-0.3601895570755005,0.6474601626396179,0.022342678159475327
735,56,left hip,23,0.07179047912359238,-0.033541012555360794,0.03740711882710457,0.666644811630249,0.09554643929004669
736,56,right hip,24,-0.0739404633641243,0.031362906098365784,-0.03589019924402237,0.6982933878898621,0.16567426919937134
737,56,left knee,25,0.16377708315849304,-0.020445141941308975,0.009887978434562683,0.2117946892976761,0.03423422574996948
738,56,right knee,26,0.02785329334437847,0.17510566115379333,-0.09149032086133957,0.25963619351387024,0.043882787227630615
739,56,left ankle,27,0.10649796575307846,0.19168409705162048,0.20561787486076355,0.11167815327644348,0.014070630073547363
740,56,right ankle,28,0.004808783996850252,0.3956962525844574,0.12643879652023315,0.14074043929576874,0.01309235580265522
741,57,head,0,0.04648911580443382,-0.44540783762931824,-0.5184862613677979,0.9982010126113892,0.9930110573768616
742,57,left shoulder,11,0.01711258478462696,-0.38357070088386536,-0.24227842688560486,0.9718658328056335,0.695898711681366
743,57,right_shoulder,12,-0.17796160280704498,-0.30750688910484314,-0.35890862345695496,0.9919015765190125,0.9397343397140503
744,57,left elbow,13,-0.03871268406510353,-0.27730339765548706,-0.05782698094844818,0.19492685794830322,0.38216885924339294
745,57,right elbow,14,-0.2857813835144043,-0.06893892586231232,-0.3806941509246826,0.8844493627548218,0.3516855537891388
746,57,left wrist,15,0.011740085668861866,-0.22416017949581146,0.05243963375687599,0.17592984437942505,0.08305282890796661
747,57,right wrist,16,-0.401441365480423,0.18010056018829346,-0.36410602927207947,0.6428872346878052,0.017846781760454178
748,57,left hip,23,0.07170024514198303,-0.03396216034889221,0.03751439228653908,0.6403127908706665,0.04285736009478569
749,57,right hip,24,-0.0739782303571701,0.0313202403485775,-0.035958681255578995,0.6713472604751587,0.07096999138593674
750,57,left knee,25,0.16075031459331512,-0.01825810968875885,0.020225314423441887,0.20679713785648346,0.03266265243291855
751,57,right knee,26,0.0408618338406086,0.17506127059459686,-0.05587846040725708,0.2535592317581177,0.0382048636674881
752,57,left ankle,27,0.11074943840503693,0.20999020338058472,0.21674910187721252,0.10857398808002472,0.012337639927864075
753,57,right ankle,28,0.014029297046363354,0.4065319001674652,0.16287581622600555,0.14135172963142395,0.011843472719192505
754,58,head,0,0.04418428987264633,-0.47150716185569763,-0.4546000063419342,0.9983158707618713,0.9919869899749756
755,58,left shoulder,11,0.004466443322598934,-0.40562957525253296,-0.17246133089065552,0.9710298776626587,0.8095525503158569
756,58,right_shoulder,12,-0.1828341782093048,-0.3397824764251709,-0.316048264503479,0.9923868179321289,0.9665518999099731
757,58,left elbow,13,-0.026940636336803436,-0.2862740755081177,-0.018838101997971535,0.18892566859722137,0.4968499541282654
758,58,right elbow,14,-0.293194442987442,-0.11009929329156876,-0.33595865964889526,0.8880485892295837,0.42253682017326355
759,58,left wrist,15,0.03338424116373062,-0.23070062696933746,0.083497554063797,0.17278198897838593,0.13613541424274445
760,58,right wrist,16,-0.3996097445487976,0.13091370463371277,-0.32338741421699524,0.6445395350456238,0.021514099091291428
761,58,left hip,23,0.07090259343385696,-0.03403889015316963,0.04329557344317436,0.601082980632782,0.03930458426475525
762,58,right hip,24,-0.07342000305652618,0.03099435567855835,-0.04155660793185234,0.6372750401496887,0.0544370636343956
763,58,left knee,25,0.15529879927635193,-0.020787326619029045,0.032465483993291855,0.19978679716587067,0.016638226807117462
764,58,right knee,26,0.045229945331811905,0.16851375997066498,-0.08687303215265274,0.2535274028778076,0.01749761775135994
765,58,left ankle,27,0.13104017078876495,0.2215293049812317,0.1956452876329422,0.1042008027434349,0.0029860667418688536
766,58,right ankle,28,0.05702412128448486,0.4636397361755371,0.06922464817762375,0.14583565294742584,0.002821686677634716
767,59,head,0,0.03889577463269234,-0.4807276427745819,-0.46151790022850037,0.9984001517295837,0.9880270957946777
768,59,left shoulder,11,0.00690830172970891,-0.41086533665657043,-0.18474970757961273,0.9647231101989746,0.5712212324142456
769,59,right_shoulder,12,-0.18776986002922058,-0.356243759393692,-0.31613805890083313,0.9924986362457275,0.9532686471939087
770,59,left elbow,13,-0.02659514546394348,-0.2834948003292084,-0.025800984352827072,0.18251968920230865,0.25238436460494995
771,59,right elbow,14,-0.29217058420181274,-0.11262807250022888,-0.3445371389389038,0.8856849074363708,0.43001312017440796
772,59,left wrist,15,0.005080278962850571,-0.24888090789318085,0.04771067574620247,0.16653262078762054,0.046042706817388535
773,59,right wrist,16,-0.39673906564712524,0.12079667299985886,-0.34913042187690735,0.6391981244087219,0.025085240602493286
774,59,left hip,23,0.0708669126033783,-0.03396625444293022,0.04474838078022003,0.5583592653274536,0.021227579563856125
775,59,right hip,24,-0.07345183193683624,0.0301576666533947,-0.0430864654481411,0.6028403639793396,0.04711909592151642
776,59,left knee,25,0.15343473851680756,-0.020232845097780228,0.038368429988622665,0.19077271223068237,0.01219984982162714
777,59,right knee,26,0.04351486638188362,0.18671128153800964,-0.07262207567691803,0.2530464828014374,0.021012082695961
778,59,left ankle,27,0.13961000740528107,0.23164859414100647,0.22898834943771362,0.09764250367879868,0.0034675272181630135
779,59,right ankle,28,0.04943224787712097,0.4906407594680786,0.08492714911699295,0.15090355277061462,0.0034962808713316917
780,60,head,0,0.029044190421700478,-0.4790078103542328,-0.4750175178050995,0.9985098242759705,0.9950687885284424
781,60,left shoulder,11,0.009444661438465118,-0.40756478905677795,-0.1945561170578003,0.9593235850334167,0.6010499000549316
782,60,right_shoulder,12,-0.18694324791431427,-0.3443080186843872,-0.32365158200263977,0.9926075339317322,0.9533655047416687
783,60,left elbow,13,-0.023973099887371063,-0.28483325242996216,-0.041280798614025116,0.17476126551628113,0.39872947335243225
784,60,right elbow,14,-0.2899179458618164,-0.10847989469766617,-0.35160309076309204,0.8872156739234924,0.44412490725517273
785,60,left wrist,15,0.013179713860154152,-0.23261645436286926,0.04579243063926697,0.1613260805606842,0.13906584680080414
786,60,right wrist,16,-0.35519105195999146,0.12859059870243073,-0.3589901924133301,0.6324439644813538,0.025841958820819855
787,60,left hip,23,0.07084973156452179,-0.03345261886715889,0.04734738543629646,0.5238114595413208,0.027043810114264488
788,60,right hip,24,-0.07347807288169861,0.028889141976833344,-0.045578733086586,0.5759029984474182,0.06038004159927368
789,60,left knee,25,0.15363287925720215,-0.005309457890689373,0.04411490261554718,0.1835944950580597,0.016810927540063858
790,60,right knee,26,0.040813229978084564,0.1892726570367813,-0.07426317036151886,0.25297653675079346,0.03595102205872536
791,60,left ankle,27,0.14393003284931183,0.2570177912712097,0.2287268489599228,0.09323607385158539,0.005246478598564863
792,60,right ankle,28,0.04430091008543968,0.4985654056072235,0.08459582924842834,0.16088876128196716,0.00647837296128273
793,61,head,0,0.027442345395684242,-0.5202136635780334,-0.4248115122318268,0.9985565543174744,0.9884207248687744
794,61,left shoulder,11,0.009699159301817417,-0.4165556728839874,-0.1312466859817505,0.9572131633758545,0.6764305830001831
795,61,right_shoulder,12,-0.18732506036758423,-0.36221954226493835,-0.3054681420326233,0.99296635389328,0.9651610851287842
796,61,left elbow,13,-0.019809884950518608,-0.27386564016342163,-0.0073629701510071754,0.16834017634391785,0.3527558445930481
797,61,right elbow,14,-0.2769027054309845,-0.12059302628040314,-0.3194151818752289,0.8863637447357178,0.3568623661994934
798,61,left wrist,15,0.014622373506426811,-0.19324800372123718,0.04737330228090286,0.1625993400812149,0.12063776701688766
799,61,right wrist,16,-0.3176785707473755,0.11194296181201935,-0.30675598978996277,0.6060332655906677,0.010834427550435066
800,61,left hip,23,0.07064350694417953,-0.02998700551688671,0.055984824895858765,0.48653078079223633,0.018641022965312004
801,61,right hip,24,-0.07334838062524796,0.02434905245900154,-0.05408155545592308,0.5445893406867981,0.034513045102357864
802,61,left knee,25,0.1468428373336792,-0.004469533450901508,0.03811388462781906,0.17507627606391907,0.010173877701163292
803,61,right knee,26,0.04015081375837326,0.18608106672763824,-0.11327136307954788,0.25363656878471375,0.018787093460559845
804,61,left ankle,27,0.14059971272945404,0.2618483304977417,0.21069881319999695,0.08765958994626999,0.0016042833449319005
805,61,right ankle,28,0.04083601012825966,0.4777773320674896,0.062319315969944,0.16601642966270447,0.001973767764866352
806,62,head,0,0.018776845186948776,-0.5267719626426697,-0.4243393838405609,0.998611330986023,0.9939221143722534
807,62,left shoulder,11,0.008487272076308727,-0.42539671063423157,-0.12378761917352676,0.9512870907783508,0.6326432824134827
808,62,right_shoulder,12,-0.18710359930992126,-0.37031859159469604,-0.30208882689476013,0.99311763048172,0.9655671715736389
809,62,left elbow,13,-0.016781091690063477,-0.2778991460800171,-0.005086693447083235,0.16153094172477722,0.329936146736145
810,62,right elbow,14,-0.2766682207584381,-0.13216808438301086,-0.31748175621032715,0.8855404257774353,0.37568268179893494
811,62,left wrist,15,0.021171865984797478,-0.21311253309249878,0.04956097900867462,0.1671210527420044,0.16713231801986694
812,62,right wrist,16,-0.32485154271125793,0.08538001775741577,-0.30266207456588745,0.5779463648796082,0.009685155935585499
813,62,left hip,23,0.06979476660490036,-0.02631664276123047,0.0613192617893219,0.452888548374176,0.018272757530212402
814,62,right hip,24,-0.07256722450256348,0.020210834220051765,-0.059376515448093414,0.5155915021896362,0.03592051938176155
815,62,left knee,25,0.13906627893447876,0.026416387408971786,0.03562719747424126,0.16596834361553192,0.01065223477780819
816,62,right knee,26,0.029833275824785233,0.18517741560935974,-0.1011081337928772,0.24958162009716034,0.0196145661175251
817,62,left ankle,27,0.1363716870546341,0.29776251316070557,0.20135080814361572,0.08201655000448227,0.0016202767146751285
818,62,right ankle,28,0.03787483647465706,0.49221619963645935,0.0810200423002243,0.16611844301223755,0.0018106254283338785
819,63,head,0,0.01573721505701542,-0.5249900817871094,-0.43001076579093933,0.9985671639442444,0.9893717765808105
820,63,left shoulder,11,0.009603708982467651,-0.42717427015304565,-0.13118159770965576,0.9424823522567749,0.5465914011001587
821,63,right_shoulder,12,-0.18788588047027588,-0.3670290410518646,-0.301450252532959,0.9929497838020325,0.945397138595581
822,63,left elbow,13,-0.01463992614299059,-0.2764953374862671,-0.015331929549574852,0.15264993906021118,0.22045686841011047
823,63,right elbow,14,-0.272551029920578,-0.12892067432403564,-0.30991798639297485,0.8772338628768921,0.25624197721481323
824,63,left wrist,15,0.024569185450673103,-0.20843712985515594,0.03554302453994751,0.1650773137807846,0.10076659917831421
825,63,right wrist,16,-0.31456199288368225,0.09062034636735916,-0.2924003601074219,0.5377234816551208,0.004434600938111544
826,63,left hip,23,0.07002528011798859,-0.025486983358860016,0.062471095472574234,0.41768965125083923,0.013100923039019108
827,63,right hip,24,-0.07283808290958405,0.01918194256722927,-0.06049324944615364,0.48428478837013245,0.02807249315083027
828,63,left knee,25,0.1276579201221466,0.02040499448776245,0.02673826739192009,0.15762604773044586,0.008240706287324429
829,63,right knee,26,0.007909515872597694,0.18437135219573975,-0.09642487019300461,0.2434963434934616,0.016758110374212265
830,63,left ankle,27,0.13382713496685028,0.27572500705718994,0.2022826373577118,0.07655353099107742,0.0013136250199750066
831,63,right ankle,28,0.0205306988209486,0.48994335532188416,0.09658373147249222,0.1647515445947647,0.00158756657037884
832,64,head,0,0.011060471646487713,-0.5345237255096436,-0.42452800273895264,0.998589277267456,0.9946598410606384
833,64,left shoulder,11,0.010237320326268673,-0.43271273374557495,-0.12036378681659698,0.9381988048553467,0.6887352466583252
834,64,right_shoulder,12,-0.18984192609786987,-0.37680867314338684,-0.2914475202560425,0.9929386973381042,0.9684343338012695
835,64,left elbow,13,-0.014112597331404686,-0.278405100107193,-0.014960364438593388,0.14714902639389038,0.21821647882461548
836,64,right elbow,14,-0.27382951974868774,-0.14226257801055908,-0.29709455370903015,0.8683027029037476,0.2715877592563629
837,64,left wrist,15,0.0004905032692477107,-0.22064541280269623,0.026022741571068764,0.17373225092887878,0.14621523022651672
838,64,right wrist,16,-0.3220023214817047,0.05362528935074806,-0.28630927205085754,0.49739864468574524,0.003292333334684372
839,64,left hip,23,0.0704227015376091,-0.023348016664385796,0.06476699560880661,0.3824186325073242,0.0074562449008226395
840,64,right hip,24,-0.07315155863761902,0.016477908939123154,-0.06259987503290176,0.44871607422828674,0.015404303558170795
841,64,left knee,25,0.12694880366325378,0.016717027872800827,0.002826262731105089,0.14962294697761536,0.005138445645570755
842,64,right knee,26,-0.02522917278110981,0.14930379390716553,-0.11184528470039368,0.23459585011005402,0.009357666596770287
843,64,left ankle,27,0.1348055899143219,0.2640080153942108,0.19204549491405487,0.07099437713623047,0.0007093968451954424
844,64,right ankle,28,6.634941382799298e-05,0.47223424911499023,0.1026563048362732,0.15971894562244415,0.0008746959501877427
845,65,head,0,0.007464682217687368,-0.5341091752052307,-0.42501720786094666,0.9985902309417725,0.9922037124633789
846,65,left shoulder,11,0.009526638314127922,-0.43626970052719116,-0.12210548669099808,0.9319906234741211,0.5834025144577026
847,65,right_shoulder,12,-0.18960711359977722,-0.37426742911338806,-0.29162439703941345,0.9926818609237671,0.9440507292747498
848,65,left elbow,13,-0.012757867574691772,-0.2834464907646179,-0.004637234378606081,0.14149661362171173,0.28453347086906433
849,65,right elbow,14,-0.273012638092041,-0.1427021026611328,-0.30299684405326843,0.866701066493988,0.3299431800842285
850,65,left wrist,15,0.006981964688748121,-0.2256935089826584,0.04662838578224182,0.17372198402881622,0.12633016705513
851,65,right wrist,16,-0.32677024602890015,0.05695043504238129,-0.2931475341320038,0.4759760797023773,0.007919772528111935
852,65,left hip,23,0.07028702646493912,-0.022931788116693497,0.06440195441246033,0.3575347363948822,0.016729071736335754
853,65,right hip,24,-0.07304225116968155,0.01606462337076664,-0.062311410903930664,0.42675065994262695,0.03173340484499931
854,65,left knee,25,0.12027035653591156,0.021779455244541168,0.01174560934305191,0.14235705137252808,0.007791030686348677
855,65,right knee,26,-0.017610758543014526,0.17275580763816833,-0.1022002100944519,0.2305026799440384,0.01480703242123127
856,65,left ankle,27,0.12882164120674133,0.279369592666626,0.19440694153308868,0.06644514203071594,0.0012050431687384844
857,65,right ankle,28,0.001954481704160571,0.49239933490753174,0.08825026452541351,0.15914283692836761,0.0014197526033967733
858,66,head,0,0.005647182464599609,-0.5426062345504761,-0.4028664529323578,0.9986297488212585,0.9935216307640076
859,66,left shoulder,11,0.009836873039603233,-0.4397749900817871,-0.10766962915658951,0.9314756989479065,0.6951666474342346
860,66,right_shoulder,12,-0.18948453664779663,-0.37999680638313293,-0.2833160161972046,0.9929161667823792,0.9684910774230957
861,66,left elbow,13,-0.004470694810152054,-0.28378087282180786,0.01594144105911255,0.13670527935028076,0.2617771327495575
862,66,right elbow,14,-0.27195465564727783,-0.14618898928165436,-0.29591256380081177,0.8666728734970093,0.3539278507232666
863,66,left wrist,15,0.03327227011322975,-0.22730174660682678,0.06474657356739044,0.17385205626487732,0.10259728133678436
864,66,right wrist,16,-0.3176335394382477,0.058113954961299896,-0.2949707508087158,0.45477965474128723,0.007706316187977791
865,66,left hip,23,0.07031159847974777,-0.0221234317868948,0.06425103545188904,0.3312472403049469,0.010726997628808022
866,66,right hip,24,-0.07306637614965439,0.015008904039859772,-0.062161557376384735,0.4021460711956024,0.020643992349505424
867,66,left knee,25,0.11785726249217987,0.016746381297707558,0.009829867631196976,0.13522027432918549,0.0052352421917021275
868,66,right knee,26,-0.02246823161840439,0.16795125603675842,-0.10883297026157379,0.22432906925678253,0.009845689870417118
869,66,left ankle,27,0.13175024092197418,0.2712750732898712,0.1818348467350006,0.062165506184101105,0.0008098377147689462
870,66,right ankle,28,-0.0026043825782835484,0.48409000039100647,0.08160316199064255,0.1554081290960312,0.0009579855832271278
871,67,head,0,-0.002337187761440873,-0.5450126528739929,-0.3986549973487854,0.9985601902008057,0.987021267414093
872,67,left shoulder,11,0.015955781564116478,-0.44420045614242554,-0.11603324860334396,0.9286003112792969,0.5678649544715881
873,67,right_shoulder,12,-0.18981705605983734,-0.3826834261417389,-0.26258671283721924,0.9926221370697021,0.9404021501541138
874,67,left elbow,13,0.007993634790182114,-0.2883225381374359,0.012843802571296692,0.13524660468101501,0.18899750709533691
875,67,right elbow,14,-0.26578864455223083,-0.14991028606891632,-0.27104106545448303,0.86146479845047,0.3557267487049103
876,67,left wrist,15,0.03336988016963005,-0.23270022869110107,0.03341784328222275,0.1701972931623459,0.061185553669929504
877,67,right wrist,16,-0.31803959608078003,0.042882390320301056,-0.28795284032821655,0.4383872151374817,0.013695531524717808
878,67,left hip,23,0.0719410702586174,-0.022041216492652893,0.059422265738248825,0.3089672029018402,0.011852583847939968
879,67,right hip,24,-0.07459880411624908,0.01484530046582222,-0.05734066292643547,0.3800758123397827,0.02347949892282486
880,67,left knee,25,0.10825621336698532,0.021278895437717438,0.006356367841362953,0.13185809552669525,0.00567319942638278
881,67,right knee,26,-0.038880232721567154,0.17001435160636902,-0.10453314334154129,0.2199782282114029,0.009371977299451828
882,67,left ankle,27,0.13305898010730743,0.2889629602432251,0.17085081338882446,0.05894972011446953,0.0008924378198571503
883,67,right ankle,28,-0.0016927361721172929,0.48796841502189636,0.08122115582227707,0.1510065495967865,0.0011931713670492172
884,68,head,0,-0.0019843364134430885,-0.5391649007797241,-0.4040456712245941,0.9984211325645447,0.9871943593025208
885,68,left shoulder,11,0.018082188442349434,-0.4490951597690582,-0.11986350268125534,0.9297026991844177,0.701572835445404
886,68,right_shoulder,12,-0.1887856274843216,-0.3786674439907074,-0.2617160379886627,0.992685854434967,0.9569554328918457
887,68,left elbow,13,0.018231568858027458,-0.32962125539779663,0.029656391590833664,0.13263733685016632,0.3613573908805847
888,68,right elbow,14,-0.2583042085170746,-0.14620225131511688,-0.2665047347545624,0.8593684434890747,0.40922027826309204
889,68,left wrist,15,0.06242215633392334,-0.26740026473999023,0.12805353105068207,0.16457198560237885,0.08139399439096451
890,68,right wrist,16,-0.3024865984916687,0.0531015619635582,-0.2776283025741577,0.42487308382987976,0.015871742740273476
891,68,left hip,23,0.07316450029611588,-0.022063497453927994,0.05509470775723457,0.29725679755210876,0.025202589109539986
892,68,right hip,24,-0.07578975707292557,0.014868376776576042,-0.053035978227853775,0.3688628673553467,0.042806267738342285
893,68,left knee,25,0.10797244310379028,0.035706501454114914,0.004308162722736597,0.1300927847623825,0.009021839126944542
894,68,right knee,26,-0.039360545575618744,0.1816885620355606,-0.10110873728990555,0.214852973818779,0.013731925748288631
895,68,left ankle,27,0.13374757766723633,0.3117101192474365,0.1547318547964096,0.0571252703666687,0.0016187209403142333
896,68,right ankle,28,-0.0010213227942585945,0.499245822429657,0.06780871748924255,0.14798831939697266,0.0019908102694898844
897,69,head,0,-0.002751212799921632,-0.5369372367858887,-0.4037800133228302,0.9984660744667053,0.9949697852134705
898,69,left shoulder,11,0.018207859247922897,-0.45141926407814026,-0.118797168135643,0.9307297468185425,0.7012326717376709
899,69,right_shoulder,12,-0.18830271065235138,-0.37684696912765503,-0.2533590495586395,0.992368757724762,0.9389065504074097
900,69,left elbow,13,0.013911981135606766,-0.32442107796669006,0.030035754665732384,0.12887132167816162,0.3381201922893524
901,69,right elbow,14,-0.2498745173215866,-0.1449756920337677,-0.26011455059051514,0.8545019626617432,0.4075971245765686
902,69,left wrist,15,0.04909324273467064,-0.2549072802066803,0.12408258020877838,0.15884315967559814,0.10841453075408936
903,69,right wrist,16,-0.2884657382965088,0.059350498020648956,-0.2687787413597107,0.41310033202171326,0.020711349323391914
904,69,left hip,23,0.07391463965177536,-0.022260982543230057,0.05264072120189667,0.28868815302848816,0.027844004333019257
905,69,right hip,24,-0.07658004015684128,0.014942340552806854,-0.050635840743780136,0.36180880665779114,0.04254436865448952
906,69,left knee,25,0.10320238023996353,0.03477191925048828,0.006128642708063126,0.12773264944553375,0.009997757151722908
907,69,right knee,26,-0.0419422946870327,0.18150126934051514,-0.09895805269479752,0.21210607886314392,0.01429431140422821
908,69,left ankle,27,0.13301104307174683,0.2992752492427826,0.16150374710559845,0.05499371141195297,0.001573312794789672
909,69,right ankle,28,-0.0013105006655678153,0.4935349225997925,0.0701925978064537,0.14616242051124573,0.001776155666448176
910,70,head,0,-0.0031786146573722363,-0.5348095893859863,-0.4060460031032562,0.9984908699989319,0.9897329211235046
911,70,left shoulder,11,0.02059430629014969,-0.45038020610809326,-0.12025213986635208,0.9303447604179382,0.6048662662506104
912,70,right_shoulder,12,-0.18386873602867126,-0.37602245807647705,-0.258526474237442,0.9922559857368469,0.941714882850647
913,70,left elbow,13,0.030688030645251274,-0.32223498821258545,0.023759935051202774,0.13221855461597443,0.3411112427711487
914,70,right elbow,14,-0.23822152614593506,-0.14774857461452484,-0.2684963047504425,0.8562607765197754,0.5349330902099609
915,70,left wrist,15,0.08305604755878448,-0.24312180280685425,0.11680247634649277,0.1562974900007248,0.06215629726648331
916,70,right wrist,16,-0.29115185141563416,0.05841720849275589,-0.2745576500892639,0.4275011718273163,0.047802817076444626
917,70,left hip,23,0.07398857176303864,-0.02230435609817505,0.048601310700178146,0.2799983024597168,0.023186715319752693
918,70,right hip,24,-0.07668323069810867,0.014989085495471954,-0.04667132720351219,0.354471355676651,0.039175279438495636
919,70,left knee,25,0.09456860274076462,0.0369955338537693,0.006813748273998499,0.12552961707115173,0.006910739466547966
920,70,right knee,26,-0.043939173221588135,0.2020307183265686,-0.09839581698179245,0.21183140575885773,0.011156941764056683
921,70,left ankle,27,0.13245193660259247,0.30986288189888,0.1637025773525238,0.052880194038152695,0.0011019879020750523
922,70,right ankle,28,-0.0007920209900476038,0.511785089969635,0.06019078567624092,0.14503933489322662,0.001513632945716381
923,71,head,0,-0.0026772215496748686,-0.5251619219779968,-0.42445802688598633,0.9985895156860352,0.9965935349464417
924,71,left shoulder,11,0.01977044902741909,-0.43987491726875305,-0.146621972322464,0.9317871928215027,0.6998493075370789
925,71,right_shoulder,12,-0.1758405566215515,-0.35319948196411133,-0.2734208405017853,0.9917280673980713,0.9199962019920349
926,71,left elbow,13,0.02703753486275673,-0.3214010000228882,0.019589880481362343,0.12844854593276978,0.3900924026966095
927,71,right elbow,14,-0.24069058895111084,-0.13692599534988403,-0.2858550250530243,0.8529319763183594,0.47359946370124817
928,71,left wrist,15,0.07729966193437576,-0.24065719544887543,0.11574865877628326,0.14798171818256378,0.11804356426000595
929,71,right wrist,16,-0.2927859425544739,0.06122658774256706,-0.28686490654945374,0.4410422444343567,0.0694514736533165
930,71,left hip,23,0.07274729013442993,-0.02259759046137333,0.046678576618433,0.28264954686164856,0.05334954336285591
931,71,right hip,24,-0.07542610168457031,0.01524487417191267,-0.0448201484978199,0.3519980311393738,0.07553976029157639
932,71,left knee,25,0.11621487140655518,-0.029924016445875168,0.010450025089085102,0.12131141126155853,0.013419180177152157
933,71,right knee,26,-0.0017429182771593332,0.07699409872293472,-0.10026919096708298,0.204786017537117,0.015469055622816086
934,71,left ankle,27,0.1267196536064148,0.22330135107040405,0.1617404967546463,0.05121592432260513,0.0034139372874051332
935,71,right ankle,28,0.004612667020410299,0.332937091588974,0.052225880324840546,0.13742400705814362,0.0032724461052566767
936,72,head,0,-0.0017340286867693067,-0.5195117592811584,-0.4264870882034302,0.9986789226531982,0.996378481388092
937,72,left shoulder,11,0.005543795879930258,-0.4389384984970093,-0.14693093299865723,0.9352558255195618,0.7832079529762268
938,72,right_shoulder,12,-0.17628705501556396,-0.34658992290496826,-0.2783026695251465,0.9918449521064758,0.9506496787071228
939,72,left elbow,13,-0.011875786818563938,-0.32032132148742676,0.017156679183244705,0.12399076670408249,0.47225421667099
940,72,right elbow,14,-0.24227239191532135,-0.11364250630140305,-0.3033266067504883,0.8541125655174255,0.5080893039703369
941,72,left wrist,15,0.027392344549298286,-0.2517161965370178,0.126876562833786,0.14045408368110657,0.1911599338054657
942,72,right wrist,16,-0.2936643362045288,0.08789458870887756,-0.3128150701522827,0.45829683542251587,0.06798920035362244
943,72,left hip,23,0.07168784737586975,-0.023378614336252213,0.04663531109690666,0.2922026216983795,0.055689286440610886
944,72,right hip,24,-0.07438042014837265,0.01594814658164978,-0.044790882617235184,0.3559997081756592,0.0795866996049881
945,72,left knee,25,0.1274353563785553,-0.03767150267958641,0.019042350351810455,0.11932813376188278,0.01839253678917885
946,72,right knee,26,0.017965475097298622,0.07741110026836395,-0.10250534862279892,0.20029103755950928,0.018966827541589737
947,72,left ankle,27,0.1289188116788864,0.22708885371685028,0.16187097132205963,0.05029178038239479,0.003613203763961792
948,72,right ankle,28,0.01943523809313774,0.34957748651504517,0.04503493383526802,0.13329310715198517,0.0037169111892580986
949,73,head,0,-0.0027489282656461,-0.48863399028778076,-0.44606688618659973,0.9987145066261292,0.9954093098640442
950,73,left shoulder,11,-0.002297967206686735,-0.43730124831199646,-0.16707801818847656,0.9399241805076599,0.8890690207481384
951,73,right_shoulder,12,-0.17637556791305542,-0.31849968433380127,-0.2966561019420624,0.9922367930412292,0.9654222726821899
952,73,left elbow,13,-0.011275103315711021,-0.3427755534648895,0.01457711961120367,0.1221499890089035,0.6883120536804199
953,73,right elbow,14,-0.24327652156352997,-0.081583172082901,-0.3229868710041046,0.8563050627708435,0.5623341202735901
954,73,left wrist,15,0.02993040718138218,-0.27127543091773987,0.13734471797943115,0.13414959609508514,0.3098664879798889
955,73,right wrist,16,-0.2848852574825287,0.13934525847434998,-0.33379927277565,0.47280266880989075,0.09257543832063675
956,73,left hip,23,0.07047563046216965,-0.025957847014069557,0.04548615962266922,0.32845038175582886,0.17044652998447418
957,73,right hip,24,-0.07318878918886185,0.01905529759824276,-0.04372192919254303,0.37877440452575684,0.18157991766929626
958,73,left knee,25,0.13396497070789337,-0.03606325015425682,0.043952129781246185,0.11669590324163437,0.05203123018145561
959,73,right knee,26,0.03372109308838844,0.050504010170698166,-0.09470835328102112,0.19143004715442657,0.03473667800426483
960,73,left ankle,27,0.1155816987156868,0.21292318403720856,0.16442306339740753,0.0486522875726223,0.012525052763521671
961,73,right ankle,28,0.021371088922023773,0.26350653171539307,0.05016636475920677,0.1242169663310051,0.011701361276209354
962,74,head,0,-0.009514718316495419,-0.4919056296348572,-0.42878851294517517,0.9985893964767456,0.9840542674064636
963,74,left shoulder,11,-0.014595676213502884,-0.436343252658844,-0.15289779007434845,0.9425241947174072,0.7420697212219238
964,74,right_shoulder,12,-0.19505904614925385,-0.3228570520877838,-0.28446143865585327,0.9922797083854675,0.9313156604766846
965,74,left elbow,13,-0.01033402793109417,-0.3416173458099365,0.028991853818297386,0.11895721405744553,0.5353231430053711
966,74,right elbow,14,-0.2557186782360077,-0.0891660824418068,-0.31335875391960144,0.8546383380889893,0.5194202065467834
967,74,left wrist,15,0.05069469287991524,-0.26579877734184265,0.15938903391361237,0.12678320705890656,0.11933713406324387
968,74,right wrist,16,-0.28797447681427,0.13299746811389923,-0.3309432566165924,0.4801757037639618,0.05531628057360649
969,74,left hip,23,0.07026341557502747,-0.02648145705461502,0.04368812218308449,0.35722559690475464,0.11004924774169922
970,74,right hip,24,-0.07299251109361649,0.019854329526424408,-0.042036477476358414,0.39953091740608215,0.13570636510849
971,74,left knee,25,0.14170046150684357,-0.03315157815814018,0.028329329565167427,0.11728137731552124,0.03347610682249069
972,74,right knee,26,0.043683309108018875,0.06739428639411926,-0.10348840802907944,0.18510061502456665,0.0285024456679821
973,74,left ankle,27,0.14061398804187775,0.2786848247051239,0.11756914854049683,0.05014673247933388,0.007418106775730848
974,74,right ankle,28,0.05423290655016899,0.3257523477077484,0.013804011978209019,0.11973423510789871,0.006555821746587753
975,75,head,0,-0.009079214185476303,-0.4488711655139923,-0.4488050043582916,0.9980149269104004,0.9051916003227234
976,75,left shoulder,11,-0.021504534408450127,-0.4347734749317169,-0.22844715416431427,0.9474330544471741,0.8843343257904053
977,75,right_shoulder,12,-0.19482871890068054,-0.2718313932418823,-0.36786532402038574,0.9928086400032043,0.9603402018547058
978,75,left elbow,13,0.0459410697221756,-0.46776479482650757,-0.0801871120929718,0.14523565769195557,0.42661017179489136
979,75,right elbow,14,-0.25508880615234375,-0.04995520040392876,-0.4376246929168701,0.8636912703514099,0.28949418663978577
980,75,left wrist,15,0.1273878812789917,-0.48518699407577515,0.04956642538309097,0.13379791378974915,0.044770460575819016
981,75,right wrist,16,-0.29003700613975525,0.1960497349500656,-0.4835035800933838,0.5050408244132996,0.023302067071199417
982,75,left hip,23,0.06876616179943085,-0.03424471989274025,0.041291650384664536,0.3992345929145813,0.09043559432029724
983,75,right hip,24,-0.07144048810005188,0.029165955260396004,-0.0398770309984684,0.4286222755908966,0.08690378814935684
984,75,left knee,25,0.17300111055374146,-0.05905554071068764,0.04325587674975395,0.1236189529299736,0.05362342298030853
985,75,right knee,26,0.09336546063423157,0.06968855112791061,-0.06586772203445435,0.17826056480407715,0.024671904742717743
986,75,left ankle,27,0.16262121498584747,0.20015953481197357,0.21920117735862732,0.05028916522860527,0.031914811581373215
987,75,right ankle,28,0.09845273196697235,0.2629374861717224,0.18406829237937927,0.11073923110961914,0.016162492334842682
988,76,head,0,-0.008040854707360268,-0.4143370985984802,-0.5145816206932068,0.9976346492767334,0.9429396390914917
989,76,left shoulder,11,-0.020891008898615837,-0.39710521697998047,-0.29127657413482666,0.9505591988563538,0.7733914852142334
990,76,right_shoulder,12,-0.19571314752101898,-0.24050915241241455,-0.397638201713562,0.9928857088088989,0.929351270198822
991,76,left elbow,13,0.04358513280749321,-0.3825439214706421,-0.12477724999189377,0.14603079855442047,0.2090776562690735
992,76,right elbow,14,-0.26874545216560364,-0.003191473660990596,-0.46080952882766724,0.8629077672958374,0.23237867653369904
993,76,left wrist,15,0.11970319598913193,-0.2969242334365845,0.039552342146635056,0.12599176168441772,0.04701058194041252
994,76,right wrist,16,-0.31599104404449463,0.25021892786026,-0.5013712048530579,0.5005325078964233,0.023163367062807083
995,76,left hip,23,0.06657591462135315,-0.03734486550092697,0.03495658561587334,0.43731430172920227,0.14354945719242096
996,76,right hip,24,-0.06895072758197784,0.034055136144161224,-0.03399648144841194,0.4619370102882385,0.19901597499847412
997,76,left knee,25,0.16940173506736755,-0.05423390120267868,0.06712271273136139,0.14617423713207245,0.18641254305839539
998,76,right knee,26,0.08555996417999268,0.055268242955207825,-0.008551390841603279,0.18305911123752594,0.14644601941108704
999,76,left ankle,27,0.11784803122282028,0.16946153342723846,0.2909325063228607,0.05934072285890579,0.23778894543647766
1000,76,right ankle,28,0.0971338227391243,0.19853129982948303,0.282213032245636,0.10752851516008377,0.15895287692546844
1001,77,head,0,-0.010910936631262302,-0.3877149522304535,-0.5422280430793762,0.9974293112754822,0.9497569799423218
1002,77,left shoulder,11,-0.018650822341442108,-0.35956284403800964,-0.31270119547843933,0.952268123626709,0.6962442994117737
1003,77,right_shoulder,12,-0.20151160657405853,-0.2190748006105423,-0.4036581814289093,0.9926780462265015,0.9045738577842712
1004,77,left elbow,13,0.03959148749709129,-0.30150076746940613,-0.1435510516166687,0.14911483228206635,0.15287338197231293
1005,77,right elbow,14,-0.28108081221580505,0.024985190480947495,-0.4702164828777313,0.8627749681472778,0.17382283508777618
1006,77,left wrist,15,0.11221139878034592,-0.21726053953170776,0.023815244436264038,0.11835110932588577,0.032066017389297485
1007,77,right wrist,16,-0.3660745918750763,0.27060064673423767,-0.5073052048683167,0.4913700819015503,0.012699632905423641
1008,77,left hip,23,0.06629201769828796,-0.03861355781555176,0.031500715762376785,0.47317004203796387,0.17088031768798828
1009,77,right hip,24,-0.0685180127620697,0.03640656918287277,-0.03075953759253025,0.4938977062702179,0.24257801473140717
1010,77,left knee,25,0.19337604939937592,-0.05334692448377609,0.06226775422692299,0.1829051673412323,0.25312912464141846
1011,77,right knee,26,0.08334390074014664,0.0578889325261116,-0.003938280511647463,0.205247163772583,0.2298930287361145
1012,77,left ankle,27,0.1193154901266098,0.16461923718452454,0.2685420513153076,0.07364092022180557,0.3564000725746155
1013,77,right ankle,28,0.0800572857260704,0.1933821141719818,0.2672847807407379,0.10856456309556961,0.24100425839424133
1014,78,head,0,-0.013682988472282887,-0.33061331510543823,-0.5850646495819092,0.9975923299789429,0.9879394769668579
1015,78,left shoulder,11,-0.0025810152292251587,-0.3127860724925995,-0.3632514476776123,0.9548826217651367,0.916863739490509
1016,78,right_shoulder,12,-0.20064964890480042,-0.186101496219635,-0.4121716618537903,0.9930053949356079,0.9528269171714783
1017,78,left elbow,13,0.0388035848736763,-0.2547588348388672,-0.1531890630722046,0.16642308235168457,0.7335948944091797
1018,78,right elbow,14,-0.28069448471069336,0.041646212339401245,-0.47817593812942505,0.8737431168556213,0.23283305764198303
1019,78,left wrist,15,0.10388491302728653,-0.16178938746452332,0.021165061742067337,0.12742049992084503,0.43556666374206543
1020,78,right wrist,16,-0.3765096366405487,0.2924719452857971,-0.5314071774482727,0.5173643827438354,0.011771933175623417
1021,78,left hip,23,0.0664692372083664,-0.04236491769552231,0.03058803267776966,0.5134970545768738,0.6880170106887817
1022,78,right hip,24,-0.06857161223888397,0.0415663942694664,-0.029743829742074013,0.5287334322929382,0.6691604852676392
1023,78,left knee,25,0.18850065767765045,-0.10080085694789886,-0.004556040745228529,0.23213021457195282,0.7197997570037842
1024,78,right knee,26,0.0293971449136734,0.06025151163339615,-0.00024102511815726757,0.25383734703063965,0.5044656991958618
1025,78,left ankle,27,0.09495162218809128,0.10235797613859177,0.26508861780166626,0.11806204915046692,0.8462871313095093
1026,78,right ankle,28,0.05278882011771202,0.1670062094926834,0.2971421778202057,0.13026490807533264,0.6596485376358032
1027,79,head,0,-0.01415455061942339,-0.3549281656742096,-0.5740346908569336,0.9972423911094666,0.961193323135376
1028,79,left shoulder,11,-0.0007415591971948743,-0.3368074893951416,-0.37286266684532166,0.9588387608528137,0.9875442981719971
1029,79,right_shoulder,12,-0.21584239602088928,-0.18738937377929688,-0.39577752351760864,0.9936003684997559,0.9953755140304565
1030,79,left elbow,13,0.03501684218645096,-0.2743143141269684,-0.16579128801822662,0.17909923195838928,0.9090294241905212
1031,79,right elbow,14,-0.28500068187713623,0.05913161486387253,-0.4612906873226166,0.8852369785308838,0.19884930551052094
1032,79,left wrist,15,0.11687692999839783,-0.1722518652677536,-0.008455905131995678,0.1626807153224945,0.8014134764671326
1033,79,right wrist,16,-0.37624505162239075,0.3244016170501709,-0.5091499090194702,0.5457971692085266,0.0021103734616190195
1034,79,left hip,23,0.06792987138032913,-0.05002855509519577,0.028483156114816666,0.5495091080665588,0.9016011357307434
1035,79,right hip,24,-0.06969952583312988,0.05002923682332039,-0.02748732455074787,0.5664302110671997,0.9467437863349915
1036,79,left knee,25,0.13798384368419647,-0.05868943780660629,0.30998048186302185,0.27425616979599,0.9000633955001831
1037,79,right knee,26,-0.0029515824280679226,0.1022416204214096,0.3129459619522095,0.3105776011943817,0.7573821544647217
1038,79,left ankle,27,0.0704079270362854,0.11975109577178955,0.6883836984634399,0.1733952760696411,0.9196126461029053
1039,79,right ankle,28,0.01147437933832407,0.21326589584350586,0.6887657642364502,0.2004517763853073,0.7661818861961365
1040,80,head,0,-0.018749700859189034,-0.36186888813972473,-0.5674248933792114,0.9967934489250183,0.9600594639778137
1041,80,left shoulder,11,-0.0011648128274828196,-0.346966415643692,-0.37771978974342346,0.962472140789032,0.990836501121521
1042,80,right_shoulder,12,-0.22226229310035706,-0.18958882987499237,-0.3865099847316742,0.994147539138794,0.9964879751205444
1043,80,left elbow,13,0.02858668938279152,-0.2805647850036621,-0.18078036606311798,0.1986466348171234,0.940660834312439
1044,80,right elbow,14,-0.29570266604423523,0.0598563626408577,-0.4551919400691986,0.8959006071090698,0.21870970726013184
1045,80,left wrist,15,0.11530335992574692,-0.18990790843963623,-0.031464383006095886,0.20622076094150543,0.8540520071983337
1046,80,right wrist,16,-0.39353370666503906,0.32099688053131104,-0.5067315101623535,0.5749179720878601,0.001783460844308138
1047,80,left hip,23,0.06853657960891724,-0.05439215153455734,0.02561139687895775,0.5863602757453918,0.9486436247825623
1048,80,right hip,24,-0.07013503462076187,0.05453468859195709,-0.02448073774576187,0.6028972268104553,0.9692459106445312
1049,80,left knee,25,0.13467000424861908,-0.051724545657634735,0.28488004207611084,0.32285258173942566,0.9279646277427673
1050,80,right knee,26,-0.008372089825570583,0.11319804936647415,0.3017767667770386,0.36776432394981384,0.7928164601325989
1051,80,left ankle,27,0.06394442915916443,0.12142679840326309,0.6454339027404785,0.23226232826709747,0.9456679224967957
1052,80,right ankle,28,0.004000795539468527,0.23713473975658417,0.6670422554016113,0.26723456382751465,0.8104962110519409
1053,81,head,0,-0.01885104551911354,-0.37411147356033325,-0.5562884211540222,0.9963131546974182,0.9574350118637085
1054,81,left shoulder,11,-0.0050049591809511185,-0.3539216220378876,-0.36355796456336975,0.9657944440841675,0.9913592338562012
1055,81,right_shoulder,12,-0.22276438772678375,-0.1887388378381729,-0.38123470544815063,0.9946376085281372,0.9959743618965149
1056,81,left elbow,13,0.024292537942528725,-0.28417468070983887,-0.1686813086271286,0.21303728222846985,0.9354312419891357
1057,81,right elbow,14,-0.2931913733482361,0.07338695973157883,-0.4489509165287018,0.9055296778678894,0.20850352942943573
1058,81,left wrist,15,0.11830176413059235,-0.19413131475448608,-0.02366199903190136,0.24111559987068176,0.8550286889076233
1059,81,right wrist,16,-0.3867833912372589,0.3388579189777374,-0.4956595003604889,0.600631594657898,0.0018683252856135368
1060,81,left hip,23,0.06848586350679398,-0.05842559412121773,0.025148214772343636,0.6194719076156616,0.9447611570358276
1061,81,right hip,24,-0.07003556191921234,0.058555904775857925,-0.02396266907453537,0.6351426243782043,0.9628096222877502
1062,81,left knee,25,0.12929220497608185,-0.049834996461868286,0.2588338255882263,0.36903926730155945,0.9271017909049988
1063,81,right knee,26,-0.006918367929756641,0.1336773782968521,0.28295835852622986,0.419733464717865,0.7645185589790344
1064,81,left ankle,27,0.0526902936398983,0.12369036674499512,0.6048577427864075,0.28633612394332886,0.9397434592247009
1065,81,right ankle,28,0.0011142210569232702,0.23822394013404846,0.6447627544403076,0.32705849409103394,0.7733100652694702
1066,82,head,0,-0.02439536154270172,-0.3722013831138611,-0.5488607883453369,0.9961329698562622,0.9625470638275146
1067,82,left shoulder,11,-0.004382694140076637,-0.3505001664161682,-0.363121896982193,0.9688585996627808,0.9930282235145569
1068,82,right_shoulder,12,-0.2275068759918213,-0.19674557447433472,-0.38058406114578247,0.9951193332672119,0.9976720213890076
1069,82,left elbow,13,0.021620146930217743,-0.28583961725234985,-0.17909762263298035,0.23134450614452362,0.9564036726951599
1070,82,right elbow,14,-0.30897650122642517,0.059153951704502106,-0.4429157078266144,0.9143492579460144,0.3158840537071228
1071,82,left wrist,15,0.11439680308103561,-0.1927851289510727,-0.043439898639917374,0.2803400158882141,0.8785176873207092
1072,82,right wrist,16,-0.4112791419029236,0.3241822421550751,-0.4899481534957886,0.6280540227890015,0.002612149342894554
1073,82,left hip,23,0.06989340484142303,-0.058000702410936356,0.02314368635416031,0.6507931351661682,0.9527677893638611
1074,82,right hip,24,-0.0712788999080658,0.05791579931974411,-0.021912049502134323,0.6652689576148987,0.970238208770752
1075,82,left knee,25,0.13116657733917236,-0.049338988959789276,0.24180902540683746,0.411783367395401,0.9410647749900818
1076,82,right knee,26,-0.011727945879101753,0.12964142858982086,0.2833487093448639,0.4658336937427521,0.8317696452140808
1077,82,left ankle,27,0.06174498423933983,0.11295120418071747,0.5862594246864319,0.3369590640068054,0.9484407901763916
1078,82,right ankle,28,0.003155253827571869,0.2406543493270874,0.6471608877182007,0.38045164942741394,0.8371158242225647
1079,83,head,0,-0.024406807497143745,-0.37337726354599,-0.5493375062942505,0.9962790012359619,0.9784765839576721
1080,83,left shoulder,11,0.002883360255509615,-0.3510122001171112,-0.3608519732952118,0.9716753959655762,0.994263231754303
1081,83,right_shoulder,12,-0.225331649184227,-0.1964917629957199,-0.3798854649066925,0.9955405592918396,0.9961414933204651
1082,83,left elbow,13,0.06115054339170456,-0.28875598311424255,-0.2060857117176056,0.27227163314819336,0.9596449732780457
1083,83,right elbow,14,-0.30663013458251953,0.054234981536865234,-0.44824740290641785,0.922239363193512,0.34146425127983093
1084,83,left wrist,15,0.15367132425308228,-0.19767296314239502,-0.10919009149074554,0.32436245679855347,0.8457673192024231
1085,83,right wrist,16,-0.402666300535202,0.3239670693874359,-0.5029647946357727,0.654194712638855,0.005550746340304613
1086,83,left hip,23,0.07040070742368698,-0.057674895972013474,0.02292240783572197,0.6807637214660645,0.9502777457237244
1087,83,right hip,24,-0.07170867919921875,0.05743807181715965,-0.021700605750083923,0.6925120949745178,0.9487596154212952
1088,83,left knee,25,0.13179519772529602,-0.06006414443254471,0.19817416369915009,0.4519938826560974,0.9323063492774963
1089,83,right knee,26,-0.014972693286836147,0.12812666594982147,0.21558763086795807,0.5038644075393677,0.7605723738670349
1090,83,left ankle,27,0.06639458239078522,0.09657355397939682,0.5134416818618774,0.3725157380104065,0.9359985589981079
1091,83,right ankle,28,0.004919636994600296,0.2082372009754181,0.5687224864959717,0.4088895320892334,0.7938687801361084
1092,84,head,0,-0.024372227489948273,-0.3619687557220459,-0.566257119178772,0.9965275526046753,0.9786375164985657
1093,84,left shoulder,11,0.022370213642716408,-0.33633995056152344,-0.36496803164482117,0.9739708304405212,0.9855400919914246
1094,84,right_shoulder,12,-0.22401408851146698,-0.19773255288600922,-0.39218276739120483,0.995896577835083,0.9921495914459229
1095,84,left elbow,13,0.10613378882408142,-0.2814036011695862,-0.22197610139846802,0.302723228931427,0.911159098148346
1096,84,right elbow,14,-0.2973385751247406,0.046340834349393845,-0.4573611319065094,0.9289446473121643,0.32132065296173096
1097,84,left wrist,15,0.22711530327796936,-0.19239240884780884,-0.1434946060180664,0.3521558940410614,0.594115674495697
1098,84,right wrist,16,-0.39774754643440247,0.3295542895793915,-0.5099082589149475,0.6761290431022644,0.007720400113612413
1099,84,left hip,23,0.07168323546648026,-0.05746186524629593,0.02320810593664646,0.7033527493476868,0.8437073826789856
1100,84,right hip,24,-0.07291935384273529,0.056878700852394104,-0.021977534517645836,0.7114652395248413,0.8508565425872803
1101,84,left knee,25,0.13289985060691833,-0.06711406260728836,0.18207953870296478,0.47734615206718445,0.8458741903305054
1102,84,right knee,26,-0.02537357062101364,0.11960937082767487,0.1934681534767151,0.5223072171211243,0.6344016790390015
1103,84,left ankle,27,0.06944367289543152,0.0951937809586525,0.4871375560760498,0.385884165763855,0.8412113785743713
1104,84,right ankle,28,0.006324159912765026,0.1788620501756668,0.5456110239028931,0.4105241000652313,0.647383451461792
1105,85,head,0,-0.02429296262562275,-0.3673235774040222,-0.5600430965423584,0.9967167377471924,0.9821950793266296
1106,85,left shoulder,11,0.020148152485489845,-0.3375270962715149,-0.3593805730342865,0.9763655662536621,0.9955213069915771
1107,85,right_shoulder,12,-0.22346098721027374,-0.1967764049768448,-0.3885784149169922,0.9962561130523682,0.9964184761047363
1108,85,left elbow,13,0.0921056717634201,-0.27317479252815247,-0.2175869345664978,0.3402460217475891,0.9684911966323853
1109,85,right elbow,14,-0.2870802581310272,0.04856844246387482,-0.4528205096721649,0.935344398021698,0.418556272983551
1110,85,left wrist,15,0.19072435796260834,-0.15542134642601013,-0.14266006648540497,0.3921481966972351,0.8693597912788391
1111,85,right wrist,16,-0.3949139416217804,0.33122169971466064,-0.5024527907371521,0.6984579563140869,0.007853150367736816
1112,85,left hip,23,0.07180848717689514,-0.056875746697187424,0.023360662162303925,0.7270670533180237,0.9356614351272583
1113,85,right hip,24,-0.07301574945449829,0.05617901682853699,-0.02213362045586109,0.733605146408081,0.9390369653701782
1114,85,left knee,25,0.14112070202827454,-0.07573569566011429,0.17860814929008484,0.5104984641075134,0.9137857556343079
1115,85,right knee,26,-0.023001372814178467,0.09971924871206284,0.18291904032230377,0.5536015033721924,0.732340931892395
1116,85,left ankle,27,0.07136568427085876,0.08898597955703735,0.48864713311195374,0.413207471370697,0.9030137062072754
1117,85,right ankle,28,0.009978532791137695,0.17695707082748413,0.53255695104599,0.43756118416786194,0.7461826801300049
1118,86,head,0,-0.024177230894565582,-0.37017253041267395,-0.5429510474205017,0.9968897104263306,0.9754449129104614
1119,86,left shoulder,11,0.018866539001464844,-0.3399764895439148,-0.33378568291664124,0.9780911207199097,0.9760036468505859
1120,86,right_shoulder,12,-0.22279690206050873,-0.19958460330963135,-0.3883395791053772,0.9964900016784668,0.984569251537323
1121,86,left elbow,13,0.11062029004096985,-0.270082950592041,-0.21314825117588043,0.3729412853717804,0.8078932166099548
1122,86,right elbow,14,-0.2843412160873413,0.05378719046711922,-0.45462721586227417,0.9391868114471436,0.47182178497314453
1123,86,left wrist,15,0.1794729381799698,-0.1523536741733551,-0.14476600289344788,0.3908168077468872,0.32765546441078186
1124,86,right wrist,16,-0.39153993129730225,0.33753976225852966,-0.5118564963340759,0.7084272503852844,0.035676728934049606
1125,86,left hip,23,0.07181350141763687,-0.05644906684756279,0.023442799225449562,0.7477797269821167,0.8557187914848328
1126,86,right hip,24,-0.0730271115899086,0.055647559463977814,-0.022289810702204704,0.7515143752098083,0.8492739796638489
1127,86,left knee,25,0.16711555421352386,-0.12483435124158859,-0.057694751769304276,0.5344395041465759,0.7078543305397034
1128,86,right knee,26,-0.02020788937807083,0.1003621444106102,-0.0521293543279171,0.560684859752655,0.43739500641822815
1129,86,left ankle,27,0.08912871778011322,0.08481945097446442,0.16283585131168365,0.40702855587005615,0.7333458065986633
1130,86,right ankle,28,0.03695753216743469,0.15271322429180145,0.2383747696876526,0.40743088722229004,0.4858946204185486
1131,87,head,0,-0.03830060362815857,-0.3856065571308136,-0.5314321517944336,0.9970718622207642,0.9888973832130432
1132,87,left shoulder,11,-0.008176098577678204,-0.3653314709663391,-0.32031720876693726,0.9801154732704163,0.9971254467964172
1133,87,right_shoulder,12,-0.23271259665489197,-0.203107088804245,-0.366021990776062,0.9967885613441467,0.9972151517868042
1134,87,left elbow,13,0.09620069712400436,-0.3006676733493805,-0.20398898422718048,0.4129183888435364,0.983900785446167
1135,87,right elbow,14,-0.28415414690971375,0.053081344813108444,-0.42968660593032837,0.9446316361427307,0.5299311280250549
1136,87,left wrist,15,0.1723562479019165,-0.16158093512058258,-0.12829475104808807,0.4350982904434204,0.9408503770828247
1137,87,right wrist,16,-0.3930765390396118,0.32900571823120117,-0.47116363048553467,0.7284267544746399,0.009362627752125263
1138,87,left hip,23,0.07066182047128677,-0.057105764746665955,0.02353145182132721,0.76954585313797,0.9721839427947998
1139,87,right hip,24,-0.07180041074752808,0.05643037334084511,-0.022377386689186096,0.7724981904029846,0.970828652381897
1140,87,left knee,25,0.19015559554100037,-0.09769196063280106,0.07732262462377548,0.5691385269165039,0.9294595718383789
1141,87,right knee,26,0.018550897017121315,0.09306477010250092,0.025408336892724037,0.5955321192741394,0.7192323207855225
1142,87,left ankle,27,0.11915875971317291,0.09108947962522507,0.3939904272556305,0.44083988666534424,0.8889971971511841
1143,87,right ankle,28,0.06797199696302414,0.17246100306510925,0.3857545256614685,0.4418908357620239,0.6985089182853699
1144,88,head,0,-0.05807344242930412,-0.3869636058807373,-0.5408728122711182,0.9970287084579468,0.9701219797134399
1145,88,left shoulder,11,-0.009568562731146812,-0.3722734749317169,-0.3378789722919464,0.9817692041397095,0.9937978386878967
1146,88,right_shoulder,12,-0.2430449277162552,-0.21218116581439972,-0.3626871705055237,0.997009813785553,0.9961995482444763
1147,88,left elbow,13,0.1042637974023819,-0.3124527931213379,-0.22552180290222168,0.44465669989585876,0.9787933230400085
1148,88,right elbow,14,-0.27637943625450134,0.025122562423348427,-0.38952183723449707,0.9484192728996277,0.5724367499351501
1149,88,left wrist,15,0.22473138570785522,-0.18385134637355804,-0.19056348502635956,0.47763726115226746,0.9016356468200684
1150,88,right wrist,16,-0.342651903629303,0.28629070520401,-0.40977129340171814,0.7417089939117432,0.012708873488008976
1151,88,left hip,23,0.0704101026058197,-0.05706886574625969,0.021248377859592438,0.7856078743934631,0.9753347039222717
1152,88,right hip,24,-0.07153087854385376,0.05643346905708313,-0.020113075152039528,0.7896815538406372,0.9792566299438477
1153,88,left knee,25,0.16273640096187592,0.01884259283542633,0.2467413693666458,0.5758596658706665,0.9403618574142456
1154,88,right knee,26,0.020975422114133835,0.1486910879611969,0.24822969734668732,0.617186963558197,0.8137151598930359
1155,88,left ankle,27,0.11757548153400421,0.14616265892982483,0.5991392731666565,0.455240935087204,0.9201797246932983
1156,88,right ankle,28,0.07294311374425888,0.2715039849281311,0.604990541934967,0.4764591157436371,0.7737970948219299
1157,89,head,0,-0.05377162620425224,-0.3939873278141022,-0.5416973829269409,0.9969490170478821,0.975665807723999
1158,89,left shoulder,11,-0.018291067332029343,-0.3837748169898987,-0.33770236372947693,0.9834328293800354,0.9972564578056335
1159,89,right_shoulder,12,-0.25132936239242554,-0.2173757404088974,-0.36290356516838074,0.9972704648971558,0.998871386051178
1160,89,left elbow,13,0.09691184759140015,-0.31885001063346863,-0.22519811987876892,0.4688563644886017,0.966808557510376
1161,89,right elbow,14,-0.29879510402679443,0.032380230724811554,-0.4052892327308655,0.9528357982635498,0.6162852048873901
1162,89,left wrist,15,0.206251323223114,-0.20667755603790283,-0.16500233113765717,0.5102878212928772,0.8513062000274658
1163,89,right wrist,16,-0.3898083567619324,0.3025813400745392,-0.4412946105003357,0.7573882341384888,0.0073679666966199875
1164,89,left hip,23,0.06949693709611893,-0.05783975124359131,0.020842762663960457,0.8023138642311096,0.9731107950210571
1165,89,right hip,24,-0.07058707624673843,0.057226113975048065,-0.019762951880693436,0.8069760203361511,0.9845298528671265
1166,89,left knee,25,0.1570623815059662,0.007107427343726158,0.28262025117874146,0.593828558921814,0.9199142456054688
1167,89,right knee,26,0.04426119476556778,0.1427728235721588,0.2748170793056488,0.6421135663986206,0.753270149230957
1168,89,left ankle,27,0.12311805784702301,0.1428748071193695,0.6140075922012329,0.46922388672828674,0.870511531829834
1169,89,right ankle,28,0.08691749721765518,0.2675943374633789,0.6145349740982056,0.5047369599342346,0.6196516156196594
1170,90,head,0,-0.050718341022729874,-0.3813211917877197,-0.5246539115905762,0.9971221685409546,0.9924821257591248
1171,90,left shoulder,11,-0.04127540811896324,-0.38198986649513245,-0.32594719529151917,0.9850124716758728,0.9991381168365479
1172,90,right_shoulder,12,-0.25607022643089294,-0.2137172520160675,-0.3631575107574463,0.9975232481956482,0.9993197917938232
1173,90,left elbow,13,0.06889930367469788,-0.3293294310569763,-0.2181558907032013,0.49554312229156494,0.9922091960906982
1174,90,right elbow,14,-0.30603012442588806,0.034368760883808136,-0.4189542531967163,0.9572873711585999,0.6127175688743591
1175,90,left wrist,15,0.20257803797721863,-0.22726929187774658,-0.156973198056221,0.5473442077636719,0.969100296497345
1176,90,right wrist,16,-0.41562047600746155,0.31129053235054016,-0.4443250596523285,0.7764919996261597,0.00558678200468421
1177,90,left hip,23,0.06832006573677063,-0.058309491723775864,0.021860599517822266,0.8196659088134766,0.9867569208145142
1178,90,right hip,24,-0.06937571614980698,0.05778144299983978,-0.020709572359919548,0.8236839175224304,0.9890404343605042
1179,90,left knee,25,0.20123517513275146,0.0002505858428776264,0.26231613755226135,0.6241214871406555,0.9569497108459473
1180,90,right knee,26,0.06092774122953415,0.11703653633594513,0.24841880798339844,0.6721425652503967,0.8257002234458923
1181,90,left ankle,27,0.16881783306598663,0.14184758067131042,0.5800776481628418,0.5052406787872314,0.9192038178443909
1182,90,right ankle,28,0.11415393650531769,0.2667635381221771,0.5970848798751831,0.5401543974876404,0.772613525390625
1183,91,head,0,-0.05746396631002426,-0.38256070017814636,-0.4625294506549835,0.9955623745918274,0.9156680703163147
1184,91,left shoulder,11,-0.05321979150176048,-0.3841346204280853,-0.28352636098861694,0.9860497117042542,0.9904639720916748
1185,91,right_shoulder,12,-0.28746357560157776,-0.22907830774784088,-0.3347413241863251,0.9977066516876221,0.9979907274246216
1186,91,left elbow,13,0.05923967435956001,-0.3166149854660034,-0.21498149633407593,0.4784933924674988,0.9299613237380981
1187,91,right elbow,14,-0.31331175565719604,0.013838481158018112,-0.3657640516757965,0.959201991558075,0.7214252352714539
1188,91,left wrist,15,0.2029118835926056,-0.22605101764202118,-0.17162682116031647,0.53890460729599,0.7167838215827942
1189,91,right wrist,16,-0.37705639004707336,0.2304522693157196,-0.3725409507751465,0.7805213332176208,0.02947995997965336
1190,91,left hip,23,0.06751766800880432,-0.058189161121845245,0.02215755358338356,0.8325403928756714,0.9721686244010925
1191,91,right hip,24,-0.06858402490615845,0.05764743313193321,-0.021090539172291756,0.8388686776161194,0.9894507527351379
1192,91,left knee,25,0.19380469620227814,0.07369617372751236,0.2828638553619385,0.6047746539115906,0.8786242604255676
1193,91,right knee,26,0.07019536942243576,0.14512361586093903,0.25663983821868896,0.6795875430107117,0.8360385894775391
1194,91,left ankle,27,0.2089424580335617,0.18731385469436646,0.6190995573997498,0.47689589858055115,0.7805327773094177
1195,91,right ankle,28,0.13683319091796875,0.2944745123386383,0.600410521030426,0.5404663681983948,0.6701833009719849
1196,92,head,0,-0.09240759164094925,-0.3903825283050537,-0.44239118695259094,0.9920327067375183,0.8266447186470032
1197,92,left shoulder,11,-0.07692484557628632,-0.38702672719955444,-0.2713877260684967,0.9869897365570068,0.9906837940216064
1198,92,right_shoulder,12,-0.29641956090927124,-0.22530469298362732,-0.3164885640144348,0.9977784752845764,0.9935845732688904
1199,92,left elbow,13,0.0297564584761858,-0.31638267636299133,-0.1837971806526184,0.4611828327178955,0.955245316028595
1200,92,right elbow,14,-0.3113684058189392,0.009127193130552769,-0.34178680181503296,0.9605846405029297,0.5918404459953308
1201,92,left wrist,15,0.1824810951948166,-0.20754149556159973,-0.15983842313289642,0.5368615984916687,0.86386638879776
1202,92,right wrist,16,-0.3546724021434784,0.18293923139572144,-0.34870830178260803,0.7833623886108398,0.020737210288643837
1203,92,left hip,23,0.0660790279507637,-0.05925428122282028,0.022475093603134155,0.8441688418388367,0.9795522093772888
1204,92,right hip,24,-0.0671444833278656,0.058872539550065994,-0.021437905728816986,0.8517584800720215,0.9878161549568176
1205,92,left knee,25,0.18913474678993225,0.07035685330629349,0.30803805589675903,0.5828745365142822,0.8999664783477783
1206,92,right knee,26,0.06882184743881226,0.1453259140253067,0.2824223041534424,0.6823843121528625,0.7882684469223022
1207,92,left ankle,27,0.20558001101016998,0.18058376014232635,0.6617004871368408,0.4543716311454773,0.8193356990814209
1208,92,right ankle,28,0.1363336592912674,0.28160911798477173,0.651029646396637,0.541064441204071,0.6811915636062622
1209,93,head,0,-0.10666272044181824,-0.34213757514953613,-0.43960684537887573,0.977482795715332,0.3780445158481598
1210,93,left shoulder,11,-0.08555979281663895,-0.35597705841064453,-0.2780819833278656,0.9861579537391663,0.9072474837303162
1211,93,right_shoulder,12,-0.28631913661956787,-0.1723289042711258,-0.31924504041671753,0.997232973575592,0.9295077919960022
1212,93,left elbow,13,0.017238862812519073,-0.26471462845802307,-0.17892251908779144,0.44033634662628174,0.7600330710411072
1213,93,right elbow,14,-0.27775779366493225,0.013676012866199017,-0.3444940447807312,0.9556986093521118,0.5789972543716431
1214,93,left wrist,15,0.15408816933631897,-0.1414768099784851,-0.16198594868183136,0.513755738735199,0.5355019569396973
1215,93,right wrist,16,-0.2607228755950928,0.15053698420524597,-0.35096895694732666,0.7806839942932129,0.11354803293943405
1216,93,left hip,23,0.060369811952114105,-0.06036326661705971,0.02554147318005562,0.8465994000434875,0.9114000201225281
1217,93,right hip,24,-0.06152983754873276,0.06011257320642471,-0.02464972995221615,0.8589274287223816,0.9372046589851379
1218,93,left knee,25,0.23413221538066864,0.05112896114587784,0.2816949486732483,0.5352604389190674,0.4952915906906128
1219,93,right knee,26,0.10851387679576874,0.16578514873981476,0.2742360234260559,0.6459553837776184,0.4296957850456238
1220,93,left ankle,27,0.2533320486545563,0.17784865200519562,0.6104961037635803,0.4161119759082794,0.531380295753479
1221,93,right ankle,28,0.19610168039798737,0.2753260135650635,0.595587432384491,0.5085412263870239,0.4059664309024811
1222,95,head,0,-0.06823375076055527,-0.34949997067451477,-0.4271705746650696,0.9786083102226257,0.9033145308494568
1223,95,left shoulder,11,-0.018663769587874413,-0.379558801651001,-0.27368423342704773,0.9870866537094116,0.9747664332389832
1224,95,right_shoulder,12,-0.23875826597213745,-0.24335138499736786,-0.33396241068840027,0.9974115490913391,0.9879883527755737
1225,95,left elbow,13,0.11057174205780029,-0.2956857681274414,-0.18548837304115295,0.44521212577819824,0.8667120933532715
1226,95,right elbow,14,-0.19318270683288574,-0.04053974524140358,-0.3523252606391907,0.9460849761962891,0.8248098492622375
1227,95,left wrist,15,0.18595731258392334,-0.17526237666606903,-0.19281966984272003,0.4933909475803375,0.6115844249725342
1228,95,right wrist,16,-0.19587883353233337,0.15437132120132446,-0.35703179240226746,0.7657947540283203,0.4326460361480713
1229,95,left hip,23,0.06697820872068405,-0.0478496327996254,0.028702862560749054,0.8552041053771973,0.9397740364074707
1230,95,right hip,24,-0.06817318499088287,0.04751553013920784,-0.027974115684628487,0.8689769506454468,0.9674638509750366
1231,95,left knee,25,0.24986395239830017,0.14285485446453094,0.21367193758487701,0.5143792033195496,0.5525594353675842
1232,95,right knee,26,0.05104134976863861,0.20694772899150848,0.14211174845695496,0.6290555000305176,0.6910129189491272
1233,95,left ankle,27,0.20692142844200134,0.24056290090084076,0.4996783137321472,0.3828902542591095,0.612070620059967
1234,95,right ankle,28,0.1572452038526535,0.2702242136001587,0.4267348349094391,0.48191210627555847,0.6829696893692017
1235,96,head,0,-0.039747122675180435,-0.32524433732032776,-0.43204790353775024,0.9781131744384766,0.7087015509605408
1236,96,left shoulder,11,0.005527982953935862,-0.3634844124317169,-0.2768266201019287,0.9866148829460144,0.8522073030471802
1237,96,right_shoulder,12,-0.2216915339231491,-0.23398959636688232,-0.3560072183609009,0.9973253607749939,0.9510975480079651
1238,96,left elbow,13,0.1347990185022354,-0.2975943684577942,-0.19106599688529968,0.4348141551017761,0.7186685800552368
1239,96,right elbow,14,-0.17522773146629333,-0.03484473377466202,-0.3570078909397125,0.9367886185646057,0.6880136728286743
1240,96,left wrist,15,0.2073574662208557,-0.19424688816070557,-0.19313523173332214,0.46834075450897217,0.40845000743865967
1241,96,right wrist,16,-0.12486961483955383,0.1419954150915146,-0.3565540611743927,0.7535419464111328,0.27254968881607056
1242,96,left hip,23,0.06785900890827179,-0.04618104547262192,0.02952430583536625,0.859878659248352,0.8638510704040527
1243,96,right hip,24,-0.06906770914793015,0.0458211675286293,-0.028857849538326263,0.8766400814056396,0.9211713075637817
1244,96,left knee,25,0.25766322016716003,0.1284857988357544,0.20755040645599365,0.4812140166759491,0.40675413608551025
1245,96,right knee,26,0.05061950534582138,0.2061048299074173,0.13899269700050354,0.5995133519172668,0.5303499698638916
1246,96,left ankle,27,0.20002830028533936,0.24843646585941315,0.4846251904964447,0.351728230714798,0.4455195367336273
1247,96,right ankle,28,0.1482640504837036,0.28072497248649597,0.41507241129875183,0.4595232903957367,0.5231104493141174
1248,97,head,0,-0.0332418791949749,-0.28142014145851135,-0.4762527346611023,0.9770036339759827,0.8437281250953674
1249,97,left shoulder,11,0.008855422027409077,-0.3474636971950531,-0.32137662172317505,0.9867500066757202,0.9415203332901001
1250,97,right_shoulder,12,-0.21836549043655396,-0.20573386549949646,-0.3716825544834137,0.9970723986625671,0.9628880023956299
1251,97,left elbow,13,0.13960938155651093,-0.2937445044517517,-0.23494717478752136,0.43700847029685974,0.8642749190330505
1252,97,right elbow,14,-0.1622108370065689,-0.028665738180279732,-0.3600950837135315,0.9208027720451355,0.800355076789856
1253,97,left wrist,15,0.20911891758441925,-0.18743424117565155,-0.24117688834667206,0.45326802134513855,0.5746898055076599
1254,97,right wrist,16,-0.0960715264081955,0.11650519073009491,-0.36301660537719727,0.7337253093719482,0.4123978316783905
1255,97,left hip,23,0.068097323179245,-0.046094201505184174,0.027694981545209885,0.8679754137992859,0.9650722742080688
1256,97,right hip,24,-0.06930114328861237,0.045739155262708664,-0.027102606371045113,0.8861359357833862,0.9807079434394836
1257,97,left knee,25,0.24862107634544373,0.14567117393016815,0.2109592705965042,0.4477989375591278,0.664438009262085
1258,97,right knee,26,0.03970728814601898,0.21718350052833557,0.15753236413002014,0.5675401091575623,0.7659170031547546
1259,97,left ankle,27,0.1953912377357483,0.25008121132850647,0.5031391382217407,0.32161933183670044,0.7043928503990173
1260,97,right ankle,28,0.1434897482395172,0.3220163881778717,0.4274299442768097,0.436990886926651,0.7254898548126221
1261,98,head,0,-0.031146103516221046,-0.2589245140552521,-0.4441502094268799,0.9785053730010986,0.9582306742668152
1262,98,left shoulder,11,0.0046804677695035934,-0.33752575516700745,-0.27361273765563965,0.9870752692222595,0.9718376398086548
1263,98,right_shoulder,12,-0.23066216707229614,-0.21619537472724915,-0.34518668055534363,0.9969581365585327,0.9425281286239624
1264,98,left elbow,13,0.12928315997123718,-0.26779329776763916,-0.22874972224235535,0.45410051941871643,0.9239481091499329
1265,98,right elbow,14,-0.17317348718643188,-0.07844413816928864,-0.3320133090019226,0.9044492244720459,0.6804768443107605
1266,98,left wrist,15,0.16610704362392426,-0.1624119132757187,-0.23693184554576874,0.4547399878501892,0.6555603742599487
1267,98,right wrist,16,-0.1522657722234726,0.013210569508373737,-0.32711416482925415,0.7048642635345459,0.24963094294071198
1268,98,left hip,23,0.07027799636125565,-0.04375660419464111,0.028941726312041283,0.8765254020690918,0.9716572165489197
1269,98,right hip,24,-0.0718739852309227,0.042709048837423325,-0.02839384227991104,0.8925924301147461,0.9395280480384827
1270,98,left knee,25,0.2760501205921173,0.016901778057217598,0.06329464167356491,0.4255225658416748,0.46609312295913696
1271,98,right knee,26,0.020696645602583885,0.18959732353687286,-0.030030708760023117,0.5654963254928589,0.48034077882766724
1272,98,left ankle,27,0.167743518948555,0.18023936450481415,0.23205000162124634,0.29902756214141846,0.4983603060245514
1273,98,right ankle,28,0.09704385697841644,0.20668631792068481,0.2014521360397339,0.41281208395957947,0.5581379532814026
1274,99,head,0,-0.024646947160363197,-0.25485172867774963,-0.38348397612571716,0.9798955321311951,0.9653306007385254
1275,99,left shoulder,11,0.0021322593092918396,-0.32998713850975037,-0.2524123191833496,0.9878514409065247,0.9875537157058716
1276,99,right_shoulder,12,-0.23105254769325256,-0.2161477655172348,-0.30308642983436584,0.9969252943992615,0.9695605635643005
1277,99,left elbow,13,0.12280211597681046,-0.27157190442085266,-0.22459013760089874,0.48001042008399963,0.9444040060043335
1278,99,right elbow,14,-0.1872267723083496,-0.07657292485237122,-0.2923976480960846,0.8836323618888855,0.7624208927154541
1279,99,left wrist,15,0.1744222491979599,-0.18775790929794312,-0.230511873960495,0.4587561786174774,0.6866722106933594
1280,99,right wrist,16,-0.175682932138443,0.03812502697110176,-0.2866751253604889,0.6804006099700928,0.449344277381897
1281,99,left hip,23,0.07152553647756577,-0.04437168315052986,0.02591967210173607,0.8873341083526611,0.9939894676208496
1282,99,right hip,24,-0.07331542670726776,0.043122548609972,-0.025331849232316017,0.9015029072761536,0.9854220151901245
1283,99,left knee,25,0.4178568124771118,-0.07388986647129059,-0.04569714143872261,0.4389491081237793,0.4734914302825928
1284,99,right knee,26,0.01820603758096695,0.20522229373455048,-0.10275840014219284,0.5860174894332886,0.5214255452156067
1285,99,left ankle,27,0.2190149575471878,0.04810831695795059,0.11585979163646698,0.28225499391555786,0.7124942541122437
1286,99,right ankle,28,0.17473307251930237,0.11127432435750961,0.11018126457929611,0.39552605152130127,0.7556729912757874
1287,100,head,0,-0.07476694136857986,-0.38924676179885864,-0.17828278243541718,0.9784296751022339,0.8184903860092163
1288,100,left shoulder,11,-0.07913782447576523,-0.40129074454307556,-0.0853482112288475,0.988672137260437,0.9963222742080688
1289,100,right_shoulder,12,-0.2516431212425232,-0.312845915555954,-0.13026897609233856,0.9969825148582458,0.9851588606834412
1290,100,left elbow,13,0.015196971595287323,-0.3562299311161041,-0.035092711448669434,0.5023646950721741,0.988586962223053
1291,100,right elbow,14,-0.2001837193965912,-0.19509513676166534,-0.13879108428955078,0.8749417066574097,0.9158495664596558
1292,100,left wrist,15,0.12950940430164337,-0.2580472230911255,-0.09011157602071762,0.48425284028053284,0.9072670936584473
1293,100,right wrist,16,-0.14034074544906616,-0.14425353705883026,-0.16640694439411163,0.6782194375991821,0.6552405953407288
1294,100,left hip,23,0.06286145001649857,-0.04103090986609459,0.025881262496113777,0.8965649604797363,0.9911108016967773
1295,100,right hip,24,-0.0645865797996521,0.03960954770445824,-0.02531934715807438,0.9096343517303467,0.9841718077659607
1296,100,left knee,25,0.22860778868198395,0.044589124619960785,0.044045574963092804,0.42158710956573486,0.6354640126228333
1297,100,right knee,26,0.01312431413680315,0.1541229635477066,-0.004617307335138321,0.5979970097541809,0.6427010297775269
1298,100,left ankle,27,0.11577830463647842,0.07464036345481873,0.21237632632255554,0.2639722526073456,0.3853898346424103
1299,100,right ankle,28,0.070966936647892,0.16152746975421906,0.18347129225730896,0.4014880061149597,0.46287307143211365
1300,101,head,0,-0.0760485976934433,-0.3742690086364746,-0.18627604842185974,0.9616246819496155,0.6782376170158386
1301,101,left shoulder,11,-0.08806242793798447,-0.3996610641479492,-0.1322086900472641,0.9890736937522888,0.9777300357818604
1302,101,right_shoulder,12,-0.2508566677570343,-0.3060775101184845,-0.15579114854335785,0.9957020878791809,0.8168529868125916
1303,101,left elbow,13,0.03558214381337166,-0.3627508580684662,-0.09168447554111481,0.5272976160049438,0.9525998830795288
1304,101,right elbow,14,-0.1761215329170227,-0.2175949662923813,-0.15049968659877777,0.8270142674446106,0.5708544254302979
1305,101,left wrist,15,0.1649038940668106,-0.2620229125022888,-0.11446777731180191,0.4961428940296173,0.6600610613822937
1306,101,right wrist,16,-0.07471000403165817,-0.17070339620113373,-0.14187254011631012,0.6390509605407715,0.39611634612083435
1307,101,left hip,23,0.05948523432016373,-0.041101135313510895,0.016908662393689156,0.9023269414901733,0.9645591378211975
1308,101,right hip,24,-0.06124309450387955,0.03966346010565758,-0.01643679477274418,0.9120949506759644,0.8966519236564636
1309,101,left knee,25,0.27118632197380066,0.038057275116443634,0.007592794951051474,0.409620463848114,0.36874011158943176
1310,101,right knee,26,0.042669977992773056,0.14156468212604523,-0.01795995980501175,0.5811915397644043,0.32445210218429565
1311,101,left ankle,27,0.13237372040748596,0.06465429812669754,0.16508908569812775,0.24726542830467224,0.4000641107559204
1312,101,right ankle,28,0.10638358443975449,0.10736381262540817,0.16076181828975677,0.37827643752098083,0.3880194425582886
1313,102,head,0,-0.07363586127758026,-0.4008764624595642,-0.18862274289131165,0.9650705456733704,0.9920783638954163
1314,102,left shoulder,11,-0.09388996660709381,-0.39401975274086,-0.11520187556743622,0.9896748065948486,0.9931442737579346
1315,102,right_shoulder,12,-0.2346954494714737,-0.3374073803424835,-0.1628248542547226,0.9960566759109497,0.9946145415306091
1316,102,left elbow,13,-0.0033015944063663483,-0.37378934025764465,-0.04546244814991951,0.5393872261047363,0.9776016473770142
1317,102,right elbow,14,-0.17598646879196167,-0.2769946753978729,-0.1661289781332016,0.8244144320487976,0.9060472846031189
1318,102,left wrist,15,0.10639817267656326,-0.3403213322162628,-0.05340726301074028,0.4912407696247101,0.9012611508369446
1319,102,right wrist,16,-0.016385920345783234,-0.29928624629974365,-0.14216716587543488,0.623401403427124,0.8583236932754517
1320,102,left hip,23,0.04925047606229782,-0.028429128229618073,0.01941077783703804,0.909857451915741,0.9871259331703186
1321,102,right hip,24,-0.050956763327121735,0.027123475447297096,-0.01896214671432972,0.9197998046875,0.9786816239356995
1322,102,left knee,25,0.1776459962129593,0.07566584646701813,0.033792488276958466,0.40610331296920776,0.7693234086036682
1323,102,right knee,26,0.046507272869348526,0.08545443415641785,0.003935378510504961,0.6010650992393494,0.8767415881156921
1324,102,left ankle,27,0.08216875791549683,-0.079954594373703,0.17074742913246155,0.23161397874355316,0.738401472568512
1325,102,right ankle,28,0.06717248260974884,-0.034022796899080276,0.12231267243623734,0.3891409933567047,0.7426978945732117
1326,103,head,0,-0.013408634811639786,-0.3941478729248047,-0.25001344084739685,0.9626407623291016,0.9377393126487732
1327,103,left shoulder,11,-0.10292831808328629,-0.39285585284233093,-0.2323152869939804,0.9905074834823608,0.9865918755531311
1328,103,right_shoulder,12,-0.15945737063884735,-0.32516181468963623,-0.18694555759429932,0.9957793354988098,0.9685291051864624
1329,103,left elbow,13,0.018557332456111908,-0.4005640745162964,-0.22273854911327362,0.5790472626686096,0.9692862033843994
1330,103,right elbow,14,-0.052568498998880386,-0.3272547125816345,-0.1454416811466217,0.7597746849060059,0.8698269724845886
1331,103,left wrist,15,0.10961144417524338,-0.323800265789032,-0.22982674837112427,0.5215747356414795,0.900995135307312
1332,103,right wrist,16,0.11718092858791351,-0.3047674596309662,-0.09595935046672821,0.5775763988494873,0.7747405767440796
1333,103,left hip,23,0.02735612727701664,-0.02973271906375885,-0.0156721118837595,0.9075105786323547,0.8939235210418701
1334,103,right hip,24,-0.02862316556274891,0.028465546667575836,0.016060788184404373,0.915136992931366,0.8055617809295654
1335,103,left knee,25,0.1934632956981659,-0.11056002229452133,-0.03313639014959335,0.43795767426490784,0.6079665422439575
1336,103,right knee,26,0.1392132043838501,-0.05302498862147331,0.02879917621612549,0.5527286529541016,0.48177358508110046
1337,103,left ankle,27,0.09753654897212982,-0.3856106400489807,0.07382028549909592,0.23482711613178253,0.746086597442627
1338,103,right ankle,28,0.10950498282909393,-0.3007810413837433,0.17095068097114563,0.3581635057926178,0.7024630308151245
1339,104,head,0,-0.01499501895159483,-0.403513103723526,-0.15966787934303284,0.9641544222831726,0.9717254042625427
1340,104,left shoulder,11,-0.14019781351089478,-0.3923918902873993,-0.13150113821029663,0.9911720752716064,0.9851461052894592
1341,104,right_shoulder,12,-0.16851304471492767,-0.33852243423461914,-0.18039964139461517,0.9960015416145325,0.9826699495315552
1342,104,left elbow,13,-0.025360481813549995,-0.3983888030052185,-0.1093011125922203,0.5933672189712524,0.9796382188796997
1343,104,right elbow,14,-0.08479442447423935,-0.3045617341995239,-0.17702826857566833,0.7616608738899231,0.9658127427101135
1344,104,left wrist,15,0.08238667249679565,-0.3055194020271301,-0.16366904973983765,0.5204291343688965,0.9612818956375122
1345,104,right wrist,16,0.07935982197523117,-0.27907446026802063,-0.14089101552963257,0.574845552444458,0.9472948908805847
1346,104,left hip,23,0.01809106022119522,-0.026739204302430153,-0.0005562520236708224,0.915095865726471,0.9718949198722839
1347,104,right hip,24,-0.019252456724643707,0.0257701613008976,0.0009649491403251886,0.9222773313522339,0.9590869545936584
1348,104,left knee,25,0.20584408938884735,-0.04904482886195183,0.01062401570379734,0.42285048961639404,0.7452055215835571
1349,104,right knee,26,0.18097782135009766,0.019538572058081627,0.0037381642032414675,0.5402809381484985,0.7346035242080688
1350,104,left ankle,27,0.10915105789899826,-0.2040349245071411,0.11410701274871826,0.22186243534088135,0.7577401399612427
1351,104,right ankle,28,0.1227492094039917,-0.12538951635360718,0.11350176483392715,0.34260067343711853,0.7043868899345398
1352,105,head,0,-0.057573504745960236,-0.5222060680389404,-0.07637577503919601,0.9602311253547668,0.8481894135475159
1353,105,left shoulder,11,-0.15048745274543762,-0.4361669719219208,-0.09711426496505737,0.9905030727386475,0.9270541667938232
1354,105,right_shoulder,12,-0.148955836892128,-0.4167517423629761,-0.07308699935674667,0.9954949021339417,0.93190997838974
1355,105,left elbow,13,-0.0882861465215683,-0.4567417800426483,-0.09734779596328735,0.594058096408844,0.9523068070411682
1356,105,right elbow,14,-0.09685514867305756,-0.409800261259079,-0.0791396051645279,0.7218043208122253,0.9136407375335693
1357,105,left wrist,15,0.02497994154691696,-0.3646281659603119,-0.1372353434562683,0.5084129571914673,0.8812039494514465
1358,105,right wrist,16,0.04567581042647362,-0.370758056640625,-0.06885503232479095,0.5475214719772339,0.8926265239715576
1359,105,left hip,23,0.008841797709465027,-0.022572694346308708,-0.006904548965394497,0.9128260016441345,0.8192073702812195
1360,105,right hip,24,-0.009989984333515167,0.02171710506081581,0.007204482797533274,0.9227293729782104,0.7627953290939331
1361,105,left knee,25,0.07461162656545639,-0.0782424658536911,0.014048518612980843,0.4090457856655121,0.5036923885345459
1362,105,right knee,26,0.10986772179603577,-0.041401054710149765,0.01956149749457836,0.4989478886127472,0.4598809778690338
1363,105,left ankle,27,0.018774600699543953,-0.2696208953857422,0.10988756269216537,0.2099359631538391,0.48431897163391113
1364,105,right ankle,28,0.050614409148693085,-0.1706395149230957,0.13974224030971527,0.3181000053882599,0.41384899616241455
1365,106,head,0,-0.02840987592935562,-0.470491886138916,-0.15514837205410004,0.9227325320243835,0.4819642901420593
1366,106,left shoulder,11,-0.10433043539524078,-0.4426184296607971,-0.19488051533699036,0.9909518957138062,0.986586332321167
1367,106,right_shoulder,12,-0.12777934968471527,-0.3887655735015869,-0.08815059065818787,0.9943899512290955,0.8178372383117676
1368,106,left elbow,13,0.06103670597076416,-0.4474109709262848,-0.19159913063049316,0.6208641529083252,0.9799915552139282
1369,106,right elbow,14,-0.004559423308819532,-0.35469111800193787,-0.12606994807720184,0.6845101118087769,0.6266154646873474
1370,106,left wrist,15,0.19100984930992126,-0.3538559079170227,-0.22175002098083496,0.5231188535690308,0.8211950659751892
1371,106,right wrist,16,0.15417011082172394,-0.3159114420413971,-0.12214522063732147,0.5217061638832092,0.44682225584983826
1372,106,left hip,23,0.013812676072120667,-0.023640962317585945,-0.0058866520412266254,0.9196584224700928,0.9882595539093018
1373,106,right hip,24,-0.015289449132978916,0.02274196222424507,0.006240880116820335,0.927369236946106,0.9379271268844604
1374,106,left knee,25,0.27901598811149597,0.11358821392059326,0.0029314598068594933,0.4033066928386688,0.49364393949508667
1375,106,right knee,26,0.13223588466644287,0.13392873108386993,0.02060420997440815,0.4853193461894989,0.3835543394088745
1376,106,left ankle,27,0.21904712915420532,0.02569226548075676,0.13334056735038757,0.19427795708179474,0.5265501737594604
1377,106,right ankle,28,0.20890487730503082,0.061180610209703445,0.16161496937274933,0.2945016622543335,0.39168229699134827
1378,107,head,0,-0.030346976593136787,-0.4944932162761688,-4.652118150261231e-05,0.9157990217208862,0.7106474041938782
1379,107,left shoulder,11,-0.10298183560371399,-0.4738426208496094,-0.013896569609642029,0.9910239577293396,0.9861667156219482
1380,107,right_shoulder,12,-0.11783389747142792,-0.41332322359085083,-0.031002076342701912,0.9946589469909668,0.9851908087730408
1381,107,left elbow,13,-0.037001512944698334,-0.450236439704895,-0.038629479706287384,0.610582709312439,0.9793662428855896
1382,107,right elbow,14,-0.055958811193704605,-0.3713456392288208,-0.10609789937734604,0.6779710054397583,0.9766412377357483
1383,107,left wrist,15,0.06801692396402359,-0.35712653398513794,-0.09387648105621338,0.5073395371437073,0.910207986831665
1384,107,right wrist,16,0.07611662149429321,-0.32397130131721497,-0.13652919232845306,0.5107139945030212,0.9577463269233704
1385,107,left hip,23,0.013957788236439228,-0.02374875731766224,-0.0035240682773292065,0.9266973733901978,0.9874987006187439
1386,107,right hip,24,-0.015219728462398052,0.02296355366706848,0.00372422207146883,0.9338739514350891,0.980541467666626
1387,107,left knee,25,0.09516783058643341,0.08521788567304611,-0.029400983825325966,0.40336331725120544,0.7853698134422302
1388,107,right knee,26,0.09376466274261475,0.11236924678087234,-0.04482980817556381,0.47657880187034607,0.7547110319137573
1389,107,left ankle,27,0.1720419079065323,0.1512848287820816,0.043973926454782486,0.1880037486553192,0.5485164523124695
1390,107,right ankle,28,0.19425848126411438,0.1626792550086975,0.04565492644906044,0.28397053480148315,0.5577317476272583
1391,108,head,0,-0.04002091661095619,-0.5380004048347473,-0.04366293177008629,0.8873074650764465,0.3253263533115387
1392,108,left shoulder,11,-0.10230522602796555,-0.48858028650283813,-0.03182711824774742,0.990750789642334,0.9628740549087524
1393,108,right_shoulder,12,-0.12640544772148132,-0.43320322036743164,-0.07702109217643738,0.993255078792572,0.8279825448989868
1394,108,left elbow,13,-0.020441152155399323,-0.45549434423446655,-0.05257010832428932,0.6104424595832825,0.9832131862640381
1395,108,right elbow,14,-0.037019994109869,-0.3677283525466919,-0.12207818031311035,0.6597658395767212,0.8945462107658386
1396,108,left wrist,15,0.11162108182907104,-0.3421945571899414,-0.1114467903971672,0.5063235759735107,0.9109766483306885
1397,108,right wrist,16,0.12477414309978485,-0.2916029393672943,-0.14619849622249603,0.5045322179794312,0.8350113034248352
1398,108,left hip,23,0.016814198344945908,-0.02285885438323021,-0.0025146869011223316,0.9334449172019958,0.9893258810043335
1399,108,right hip,24,-0.018185624852776527,0.02214265987277031,0.002637001220136881,0.9398300051689148,0.9757375717163086
1400,108,left knee,25,0.10445582866668701,0.1863446831703186,-0.010827269405126572,0.39739322662353516,0.7578416466712952
1401,108,right knee,26,0.12341736257076263,0.1631150096654892,-0.03285861760377884,0.4611625671386719,0.6398501396179199
1402,108,left ankle,27,0.24327142536640167,0.2571646571159363,0.10970775783061981,0.1806851476430893,0.6050998568534851
1403,108,right ankle,28,0.23006613552570343,0.25761136412620544,0.1043095663189888,0.26998963952064514,0.5330387353897095
1404,109,head,0,0.029668843373656273,-0.46050965785980225,-0.059671178460121155,0.8973506689071655,0.9839337468147278
1405,109,left shoulder,11,-0.038777951151132584,-0.47613853216171265,0.015202227979898453,0.9913783073425293,0.9979584217071533
1406,109,right_shoulder,12,-0.13047310709953308,-0.4169858694076538,-0.10327811539173126,0.9938918352127075,0.9983696341514587
1407,109,left elbow,13,0.01581888273358345,-0.34007227420806885,0.029906362295150757,0.584770143032074,0.9905011653900146
1408,109,right elbow,14,-0.12249328196048737,-0.33941856026649475,-0.1813030242919922,0.6819254755973816,0.9824930429458618
1409,109,left wrist,15,0.13832764327526093,-0.2603229284286499,-0.04231651499867439,0.48891153931617737,0.9628304243087769
1410,109,right wrist,16,0.0963074192404747,-0.2692447900772095,-0.238035187125206,0.5283572673797607,0.9825564622879028
1411,109,left hip,23,0.03451921045780182,-0.020155038684606552,0.028678255155682564,0.939726710319519,0.998018741607666
1412,109,right hip,24,-0.03558552265167236,0.019645528867840767,-0.028340816497802734,0.9455595016479492,0.9962382316589355
1413,109,left knee,25,0.19016627967357635,0.15284477174282074,-0.004707640968263149,0.39326009154319763,0.910697340965271
1414,109,right knee,26,0.07440314441919327,0.16704681515693665,-0.08298370987176895,0.49534687399864197,0.9374080896377563
1415,109,left ankle,27,0.21633854508399963,0.30408644676208496,0.10508937388658524,0.17484554648399353,0.8801035284996033
1416,109,right ankle,28,0.199826180934906,0.2907700836658478,0.041461728513240814,0.2766261696815491,0.9032350778579712
1417,110,head,0,0.06937351077795029,-0.44881510734558105,-0.08550392091274261,0.9067236185073853,0.9809600114822388
1418,110,left shoulder,11,-0.036899372935295105,-0.4659211337566376,0.002832513302564621,0.9919790029525757,0.9972661733627319
1419,110,right_shoulder,12,-0.1369607150554657,-0.4396994411945343,-0.18001629412174225,0.9944819808006287,0.9984105825424194
1420,110,left elbow,13,0.016282107681035995,-0.31896060705184937,0.052782539278268814,0.5563968420028687,0.9869051575660706
1421,110,right elbow,14,-0.12871897220611572,-0.32619261741638184,-0.2466905117034912,0.7109391093254089,0.9758871793746948
1422,110,left wrist,15,0.13807788491249084,-0.23050780594348907,0.016816703602671623,0.4635324478149414,0.9431705474853516
1423,110,right wrist,16,0.08066543191671371,-0.2573147118091583,-0.2494581788778305,0.5665497183799744,0.9609454870223999
1424,110,left hip,23,0.03585277125239372,-0.014327755197882652,0.05423688143491745,0.9449255466461182,0.9956091046333313
1425,110,right hip,24,-0.03681214898824692,0.013927004300057888,-0.053803589195013046,0.9505025148391724,0.9926117062568665
1426,110,left knee,25,0.2356245219707489,0.1657891869544983,0.02455376647412777,0.3809688687324524,0.830418586730957
1427,110,right knee,26,0.0774015411734581,0.17626146972179413,-0.10032220929861069,0.531812846660614,0.854681134223938
1428,110,left ankle,27,0.26408910751342773,0.32357677817344666,0.1107795462012291,0.16777494549751282,0.7405257821083069
1429,110,right ankle,28,0.23350876569747925,0.30230724811553955,0.05442892014980316,0.28865429759025574,0.7387497425079346
1430,111,head,0,0.06731100380420685,-0.44015976786613464,-0.02492692321538925,0.9153430461883545,0.9923036694526672
1431,111,left shoulder,11,-0.03125888481736183,-0.45733392238616943,0.07704498618841171,0.9926572442054749,0.9986478686332703
1432,111,right_shoulder,12,-0.14185909926891327,-0.4487185478210449,-0.15046796202659607,0.9950263500213623,0.9994376301765442
1433,111,left elbow,13,0.02742346003651619,-0.31557172536849976,0.12079935520887375,0.5340457558631897,0.9968538880348206
1434,111,right elbow,14,-0.1362869292497635,-0.32020461559295654,-0.23882538080215454,0.7375040650367737,0.9929519295692444
1435,111,left wrist,15,0.1452813297510147,-0.21182991564273834,0.07410421967506409,0.4488472640514374,0.9867755770683289
1436,111,right wrist,16,0.077274389564991,-0.23216655850410461,-0.23691485822200775,0.602521538734436,0.9879107475280762
1437,111,left hip,23,0.03860058635473251,-0.010565445758402348,0.06273922324180603,0.950174868106842,0.9982649683952332
1438,111,right hip,24,-0.03943036124110222,0.010217822156846523,-0.06227291747927666,0.9552873373031616,0.9976869821548462
1439,111,left knee,25,0.22256168723106384,0.25757908821105957,0.04406518116593361,0.3613075613975525,0.9096124768257141
1440,111,right knee,26,0.08450039476156235,0.23590417206287384,-0.10157814621925354,0.5569661855697632,0.9209564924240112
1441,111,left ankle,27,0.25156375765800476,0.35232892632484436,0.11611554026603699,0.15674665570259094,0.8043725490570068
1442,111,right ankle,28,0.19461755454540253,0.32875511050224304,0.03046886995434761,0.28567230701446533,0.8011166453361511
1443,112,head,0,0.046945348381996155,-0.4208468198776245,-0.031114455312490463,0.9220552444458008,0.9810721278190613
1444,112,left shoulder,11,-0.030295394361019135,-0.4537336826324463,0.047921322286129,0.9931986927986145,0.9972689747810364
1445,112,right_shoulder,12,-0.1450626403093338,-0.43157562613487244,-0.11967949569225311,0.9954957365989685,0.9983540773391724
1446,112,left elbow,13,0.02409718558192253,-0.2938058078289032,0.06997766345739365,0.5112168192863464,0.9940856695175171
1447,112,right elbow,14,-0.1388900876045227,-0.28189805150032043,-0.2017820030450821,0.753162682056427,0.9900034070014954
1448,112,left wrist,15,0.1400359719991684,-0.18419739603996277,0.013013451360166073,0.4370686411857605,0.9779874086380005
1449,112,right wrist,16,0.0675182119011879,-0.19389119744300842,-0.23477105796337128,0.6261401176452637,0.9867746829986572
1450,112,left hip,23,0.03999391943216324,-0.011556451208889484,0.05711320415139198,0.9547919034957886,0.9970159530639648
1451,112,right hip,24,-0.040793005377054214,0.011170442216098309,-0.056651171296834946,0.959485650062561,0.9957799911499023
1452,112,left knee,25,0.2120417207479477,0.24343235790729523,0.04811558872461319,0.3404999077320099,0.9104336500167847
1453,112,right knee,26,0.09848019480705261,0.21930570900440216,-0.08086388558149338,0.55777907371521,0.9249454736709595
1454,112,left ankle,27,0.23020072281360626,0.3338373005390167,0.12227161973714828,0.1471913456916809,0.8120190501213074
1455,112,right ankle,28,0.1921473741531372,0.3063855469226837,0.02842252515256405,0.2769085764884949,0.8108655214309692
1456,114,head,0,0.4282802939414978,0.3457644283771515,-0.049027521163225174,0.9288375377655029,0.9385363459587097
1457,114,left shoulder,11,0.26312902569770813,0.3368445634841919,0.009774230420589447,0.9931703805923462,0.9300016164779663
1458,114,right_shoulder,12,0.39976489543914795,0.21976535022258759,0.0638897493481636,0.9951343536376953,0.9704086184501648
1459,114,left elbow,13,0.14605742692947388,0.2981983721256256,-0.002622111700475216,0.525137186050415,0.9367355108261108
1460,114,right elbow,14,0.3499220907688141,0.05199597403407097,0.06737545132637024,0.7125312685966492,0.9572778940200806
1461,114,left wrist,15,0.1506514996290207,0.31355032324790955,-0.03306673839688301,0.4507221579551697,0.890163004398346
1462,114,right wrist,16,0.34744155406951904,-0.0037795668467879295,0.012774531729519367,0.6023116111755371,0.9373816847801208
1463,114,left hip,23,-0.03396834805607796,0.029682772234082222,-0.026531219482421875,0.9586949944496155,0.9785493016242981
1464,114,right hip,24,0.035252150148153305,-0.02989841066300869,0.02678261138498783,0.9627124667167664,0.9834725856781006
1465,114,left knee,25,-0.06439944356679916,-0.16594603657722473,-0.05759044736623764,0.36051416397094727,0.8145270347595215
1466,114,right knee,26,0.0025625533889979124,-0.20845073461532593,-0.012058116495609283,0.5320960879325867,0.8417696952819824
1467,114,left ankle,27,-0.22551599144935608,-0.34679803252220154,-0.0024339279625564814,0.15682478249073029,0.4152372479438782
1468,114,right ankle,28,-0.18797090649604797,-0.37044045329093933,0.04388820007443428,0.2647020220756531,0.46508336067199707
1469,115,head,0,0.38327744603157043,0.30991536378860474,-0.0390419065952301,0.9331023097038269,0.9223551750183105
1470,115,left shoulder,11,0.2718844413757324,0.3480454683303833,0.02408576011657715,0.9932047128677368,0.9674332737922668
1471,115,right_shoulder,12,0.3597920835018158,0.19645491242408752,0.042413078248500824,0.9947691559791565,0.9531717300415039
1472,115,left elbow,13,0.12063032388687134,0.2988607585430145,0.007959065958857536,0.5393574237823486,0.9728041887283325
1473,115,right elbow,14,0.287124365568161,0.012211307883262634,0.043996818363666534,0.674033522605896,0.9552270174026489
1474,115,left wrist,15,0.06974785029888153,0.25509384274482727,-0.037347111850976944,0.4732396602630615,0.9358252286911011
1475,115,right wrist,16,0.28337299823760986,-0.06140144169330597,0.011688298545777798,0.5870193243026733,0.9258182644844055
1476,115,left hip,23,-0.02925553359091282,0.03938987851142883,-0.017375512048602104,0.9595706462860107,0.9537873268127441
1477,115,right hip,24,0.03042742609977722,-0.039414070546627045,0.017662469297647476,0.9629477858543396,0.9470791816711426
1478,115,left knee,25,-0.12701402604579926,-0.10174576193094254,-0.03673206642270088,0.33852991461753845,0.7319599986076355
1479,115,right knee,26,-0.06250651925802231,-0.12871786952018738,-0.010595077648758888,0.5010222792625427,0.7506827712059021
1480,115,left ankle,27,-0.16578468680381775,-0.24709530174732208,0.039942119270563126,0.14691904187202454,0.5158472657203674
1481,115,right ankle,28,-0.1512768566608429,-0.2927209734916687,0.03736739233136177,0.25152790546417236,0.5522171258926392
1482,116,head,0,0.4232233166694641,0.34163421392440796,-0.11131199449300766,0.9394496083259583,0.9639459848403931
1483,116,left shoulder,11,0.26769816875457764,0.36105889081954956,-0.0768168717622757,0.9933323860168457,0.9175378084182739
1484,116,right_shoulder,12,0.3962189853191376,0.22999653220176697,0.008507502265274525,0.9945825338363647,0.956352949142456
1485,116,left elbow,13,0.16180260479450226,0.3607911169528961,-0.10957542061805725,0.5723361968994141,0.92236328125
1486,116,right elbow,14,0.35040152072906494,0.06198219582438469,0.02314862050116062,0.652940571308136,0.919738233089447
1487,116,left wrist,15,0.1796528697013855,0.35331857204437256,-0.14827416837215424,0.5060630440711975,0.8932209610939026
1488,116,right wrist,16,0.3321531116962433,0.0036548699717968702,-0.01347292959690094,0.582633912563324,0.9133949279785156
1489,116,left hip,23,-0.04446488246321678,0.0389777272939682,-0.03835787996649742,0.9616928100585938,0.9542363882064819
1490,116,right hip,24,0.04565031826496124,-0.038601092994213104,0.03835968300700188,0.9645335078239441,0.9661225080490112
1491,116,left knee,25,-0.052434831857681274,-0.16254141926765442,-0.04144759103655815,0.36338701844215393,0.756743311882019
1492,116,right knee,26,0.01181600522249937,-0.2504505217075348,0.03044785000383854,0.49472272396087646,0.8186616897583008
1493,116,left ankle,27,-0.15050320327281952,-0.3454306125640869,0.05033326521515846,0.15667319297790527,0.47060829401016235
1494,116,right ankle,28,-0.13996656239032745,-0.4193134009838104,0.11831367760896683,0.25502339005470276,0.5519142150878906
1495,117,head,0,0.3862319588661194,0.3515397310256958,-0.10834594070911407,0.9433419704437256,0.8881111741065979
1496,117,left shoulder,11,0.2524946630001068,0.3780052661895752,-0.07029704749584198,0.9931100010871887,0.8986585140228271
1497,117,right_shoulder,12,0.3930373191833496,0.21702410280704498,0.007707469630986452,0.9939944744110107,0.9243032932281494
1498,117,left elbow,13,0.13935589790344238,0.366983562707901,-0.08570120483636856,0.5923817753791809,0.9317564368247986
1499,117,right elbow,14,0.3476159870624542,0.0549250952899456,-0.010455925017595291,0.6330479383468628,0.9294953346252441
1500,117,left wrist,15,0.04352656006813049,0.3430499732494354,-0.14500950276851654,0.5298683047294617,0.843621015548706
1501,117,right wrist,16,0.3599323034286499,0.010889146476984024,-0.08978021144866943,0.585405170917511,0.91865074634552
1502,117,left hip,23,-0.04525250941514969,0.042753033339977264,-0.03127815201878548,0.962568461894989,0.9161154627799988
1503,117,right hip,24,0.04648180305957794,-0.04264798387885094,0.03140401467680931,0.9648042321205139,0.9250698089599609
1504,117,left knee,25,-0.10117398947477341,-0.10904009640216827,-0.03330297768115997,0.3541407287120819,0.6818144917488098
1505,117,right knee,26,-0.018712235614657402,-0.1524180918931961,0.025234755128622055,0.46485525369644165,0.7526621222496033
1506,117,left ankle,27,-0.1827625334262848,-0.28952640295028687,0.06469718366861343,0.1516643464565277,0.41010308265686035
1507,117,right ankle,28,-0.14775334298610687,-0.3325904905796051,0.11237242817878723,0.24154111742973328,0.4422987103462219
1508,118,head,0,0.4060952961444855,0.34741777181625366,-0.107666976749897,0.9464857578277588,0.8932555317878723
1509,118,left shoulder,11,0.25953489542007446,0.37035173177719116,-0.06964414566755295,0.9933223724365234,0.9424165487289429
1510,118,right_shoulder,12,0.40054136514663696,0.2153404951095581,0.0018035861430689692,0.9937998056411743,0.9508149027824402
1511,118,left elbow,13,0.12429171800613403,0.34438782930374146,-0.0880984216928482,0.6038836240768433,0.9358727931976318
1512,118,right elbow,14,0.3359566330909729,0.060422103852033615,-0.012036892585456371,0.6041865348815918,0.9227925539016724
1513,118,left wrist,15,0.07043610513210297,0.30645549297332764,-0.14151093363761902,0.5406746864318848,0.9045803546905518
1514,118,right wrist,16,0.34210577607154846,0.040373899042606354,-0.08653620630502701,0.5705060362815857,0.9403889775276184
1515,118,left hip,23,-0.049681879580020905,0.04335060715675354,-0.03329387679696083,0.9651939272880554,0.9815636873245239
1516,118,right hip,24,0.05088803917169571,-0.04342562332749367,0.03342801705002785,0.9667069315910339,0.9834144711494446
1517,118,left knee,25,-0.09342910349369049,-0.15513448417186737,-0.027325868606567383,0.3581262528896332,0.8025895953178406
1518,118,right knee,26,0.01990826241672039,-0.2250947803258896,0.04078619182109833,0.4429640471935272,0.8186094760894775
1519,118,left ankle,27,-0.19768904149532318,-0.35900020599365234,0.08432548493146896,0.15410734713077545,0.46070587635040283
1520,118,right ankle,28,-0.14049972593784332,-0.35489729046821594,0.14208389818668365,0.23050034046173096,0.5353484153747559
1521,120,head,0,0.4857633709907532,0.2848678231239319,-0.032201480120420456,0.9515970349311829,0.9840482473373413
1522,120,left shoulder,11,0.3281989097595215,0.30679023265838623,-0.053625185042619705,0.9938004612922668,0.9838168621063232
1523,120,right_shoulder,12,0.4265756607055664,0.18437816202640533,0.08637697994709015,0.9941317439079285,0.9921292066574097
1524,120,left elbow,13,0.23828859627246857,0.2632697820663452,-0.07779523730278015,0.6246611475944519,0.9625863432884216
1525,120,right elbow,14,0.37418848276138306,0.015571954660117626,0.0897875428199768,0.5905740857124329,0.9733624458312988
1526,120,left wrist,15,0.28563153743743896,0.2421889752149582,-0.12195689976215363,0.5580466985702515,0.9390199780464172
1527,120,right wrist,16,0.35495540499687195,-0.012594586238265038,0.03325844928622246,0.561432421207428,0.9542778134346008
1528,120,left hip,23,-0.04026069492101669,0.045272402465343475,-0.04476870223879814,0.9679828882217407,0.9821661114692688
1529,120,right hip,24,0.041456807404756546,-0.04527091979980469,0.045228879898786545,0.9690103530883789,0.9858657121658325
1530,120,left knee,25,-0.06773466616868973,-0.14111700654029846,-0.07335463166236877,0.38408294320106506,0.7786332368850708
1531,120,right knee,26,-0.030107442289590836,-0.248842254281044,0.029774585738778114,0.43176326155662537,0.8123840689659119
1532,120,left ankle,27,-0.17584314942359924,-0.2963067293167114,0.007567241322249174,0.16282428801059723,0.439930260181427
1533,120,right ankle,28,-0.1874229609966278,-0.37610310316085815,0.08573779463768005,0.22721953690052032,0.43633025884628296
1534,121,head,0,0.48917874693870544,0.26848411560058594,-0.05011894926428795,0.9558412432670593,0.9501497745513916
1535,121,left shoulder,11,0.3390057682991028,0.3036023676395416,-0.05827263742685318,0.9940299987792969,0.956362783908844
1536,121,right_shoulder,12,0.4398300051689148,0.17938950657844543,0.06035918369889259,0.9939215779304504,0.9707850813865662
1537,121,left elbow,13,0.21667033433914185,0.31446728110313416,-0.07435070723295212,0.6450278759002686,0.916374921798706
1538,121,right elbow,14,0.3742181360721588,0.04621202498674393,0.05242249369621277,0.5761505961418152,0.9435325264930725
1539,121,left wrist,15,0.23724845051765442,0.2629767954349518,-0.11194363981485367,0.5675336718559265,0.8611485362052917
1540,121,right wrist,16,0.3719290494918823,-0.0022500345949083567,0.006217601243406534,0.5508286952972412,0.9089118242263794
1541,121,left hip,23,-0.04060699790716171,0.04431728273630142,-0.043122075498104095,0.9703355431556702,0.9775771498680115
1542,121,right hip,24,0.04207982122898102,-0.044312529265880585,0.04356812685728073,0.9709123969078064,0.983200192451477
1543,121,left knee,25,-0.09840858727693558,-0.18969660997390747,-0.06129181385040283,0.4077560603618622,0.7108712196350098
1544,121,right knee,26,-0.038491182029247284,-0.2824433147907257,0.03553353250026703,0.4278130829334259,0.7586204409599304
1545,121,left ankle,27,-0.22776839137077332,-0.2943424880504608,0.018472975119948387,0.17009879648685455,0.36453935503959656
1546,121,right ankle,28,-0.2297438532114029,-0.36668479442596436,0.10320384800434113,0.2316676676273346,0.472400039434433
1547,122,head,0,0.5261496305465698,0.24667991697788239,0.04826636239886284,0.959888756275177,0.9805490374565125
1548,122,left shoulder,11,0.3398531675338745,0.29333004355430603,-0.014506549574434757,0.9943923354148865,0.9749040603637695
1549,122,right_shoulder,12,0.4226383864879608,0.17331045866012573,0.1725243330001831,0.9936623573303223,0.9872878789901733
1550,122,left elbow,13,0.20306508243083954,0.2724941074848175,-0.06064441800117493,0.6645570397377014,0.9276673197746277
1551,122,right elbow,14,0.3340804874897003,0.029952077195048332,0.18000122904777527,0.5458861589431763,0.9722894430160522
1552,122,left wrist,15,0.23462063074111938,0.23225854337215424,-0.10483572632074356,0.5813317894935608,0.8713628053665161
1553,122,right wrist,16,0.3472881317138672,-0.0853077620267868,0.1211978867650032,0.5259397625923157,0.9116894602775574
1554,122,left hip,23,-0.03897257149219513,0.042935702949762344,-0.05935070663690567,0.9727750420570374,0.9748384952545166
1555,122,right hip,24,0.04037902131676674,-0.0429818294942379,0.05976787954568863,0.9728171229362488,0.9851758480072021
1556,122,left knee,25,-0.07642296701669693,-0.24466177821159363,-0.12997259199619293,0.45469412207603455,0.8430646657943726
1557,122,right knee,26,0.029330087825655937,-0.3055756092071533,0.03508312255144119,0.4427657723426819,0.8541128635406494
1558,122,left ankle,27,-0.20376527309417725,-0.4412420392036438,-0.07933099567890167,0.20305979251861572,0.5106524229049683
1559,122,right ankle,28,-0.18128429353237152,-0.44663140177726746,0.044036757200956345,0.24312807619571686,0.5623636841773987
1560,123,head,0,0.51337069272995,0.25727203488349915,0.016634466126561165,0.9631369709968567,0.9479600191116333
1561,123,left shoulder,11,0.34278902411460876,0.2833569347858429,-0.025838030502200127,0.9945888519287109,0.9661293029785156
1562,123,right_shoulder,12,0.4252855181694031,0.1708037406206131,0.11294788122177124,0.9931823015213013,0.9703445434570312
1563,123,left elbow,13,0.20547248423099518,0.2528960704803467,-0.060070354491472244,0.6699070334434509,0.9213258028030396
1564,123,right elbow,14,0.3524593412876129,0.023312704637646675,0.11230514943599701,0.5284969806671143,0.955022394657135
1565,123,left wrist,15,0.20286324620246887,0.21802879869937897,-0.09939730912446976,0.5820547342300415,0.7883617877960205
1566,123,right wrist,16,0.3677138388156891,-0.10684167593717575,0.06108109652996063,0.5098099708557129,0.8252536654472351
1567,123,left hip,23,-0.03800956904888153,0.041947897523641586,-0.05412698909640312,0.9748788475990295,0.9625604152679443
1568,123,right hip,24,0.03949440270662308,-0.042002592235803604,0.05453077703714371,0.9741087555885315,0.9670364260673523
1569,123,left knee,25,-0.020627541467547417,-0.19298867881298065,-0.10209720581769943,0.46571478247642517,0.7095465064048767
1570,123,right knee,26,0.04374854639172554,-0.2557830512523651,0.0302259661257267,0.4285145699977875,0.6630825400352478
1571,123,left ankle,27,-0.08404256403446198,-0.41351455450057983,-0.028799204155802727,0.20715506374835968,0.3342440724372864
1572,123,right ankle,28,-0.026122184470295906,-0.4358583986759186,0.05204275995492935,0.23649856448173523,0.28054526448249817
1573,124,head,0,0.47444432973861694,0.24745073914527893,0.00037446897476911545,0.966477632522583,0.9595994353294373
1574,124,left shoulder,11,0.3210514783859253,0.29651889204978943,-0.011850721202790737,0.9947696328163147,0.958361029624939
1575,124,right_shoulder,12,0.4076683521270752,0.156418114900589,0.10344327241182327,0.9931288957595825,0.9768118262290955
1576,124,left elbow,13,0.19906583428382874,0.3080098330974579,-0.019561076536774635,0.6853878498077393,0.9273265600204468
1577,124,right elbow,14,0.3339349627494812,0.021008774638175964,0.10830086469650269,0.509429395198822,0.9470685124397278
1578,124,left wrist,15,0.11709391325712204,0.2500815987586975,-0.02396157756447792,0.5897142887115479,0.7885921001434326
1579,124,right wrist,16,0.27134889364242554,-0.08999670296907425,0.06048614904284477,0.49448347091674805,0.8703846335411072
1580,124,left hip,23,-0.037089649587869644,0.045244134962558746,-0.052183590829372406,0.9768514037132263,0.9747827649116516
1581,124,right hip,24,0.03853660821914673,-0.04518177732825279,0.052486490458250046,0.9760007262229919,0.9799498915672302
1582,124,left knee,25,-0.05103972181677818,-0.2116047888994217,-0.09819044172763824,0.5014914870262146,0.807220995426178
1583,124,right knee,26,0.002602839143946767,-0.29187577962875366,0.024749046191573143,0.4481782913208008,0.8088157176971436
1584,124,left ankle,27,-0.2359791100025177,-0.3947221338748932,-0.021033797413110733,0.228596493601799,0.3824004828929901
1585,124,right ankle,28,-0.2336198091506958,-0.45227742195129395,0.03921833634376526,0.26015353202819824,0.44925835728645325
1586,125,head,0,0.45862525701522827,0.25849515199661255,-0.10973023623228073,0.9690307378768921,0.9284735321998596
1587,125,left shoulder,11,0.31578969955444336,0.31383296847343445,-0.03718090429902077,0.993455708026886,0.8028329014778137
1588,125,right_shoulder,12,0.41591718792915344,0.15998393297195435,0.04294256120920181,0.9922012090682983,0.9272220730781555
1589,125,left elbow,13,0.20637288689613342,0.330956369638443,-0.02358526550233364,0.6861175894737244,0.8189364671707153
1590,125,right elbow,14,0.34794414043426514,0.0186641626060009,0.06490226089954376,0.4944135248661041,0.8684180378913879
1591,125,left wrist,15,0.170608788728714,0.3179936707019806,-0.008215490728616714,0.5809774994850159,0.6345692276954651
1592,125,right wrist,16,0.29891371726989746,-0.0299986582249403,0.03876294195652008,0.4770371913909912,0.8113644123077393
1593,125,left hip,23,-0.036501962691545486,0.04716069623827934,-0.05175759643316269,0.9769765734672546,0.8999118804931641
1594,125,right hip,24,0.03798671066761017,-0.04719145968556404,0.05207750201225281,0.9763579964637756,0.9358367919921875
1595,125,left knee,25,-0.06792517006397247,-0.19390492141246796,-0.07482186704874039,0.5091272592544556,0.6542011499404907
1596,125,right knee,26,-0.01300016324967146,-0.2821875214576721,0.0235791876912117,0.44287389516830444,0.7140786647796631
1597,125,left ankle,27,-0.263374388217926,-0.36782336235046387,0.05164053291082382,0.2326667457818985,0.2883678376674652
1598,125,right ankle,28,-0.25559043884277344,-0.4372376501560211,0.08156750351190567,0.2659159302711487,0.35721081495285034
1599,126,head,0,0.47661715745925903,0.2157517373561859,0.016170760616660118,0.9697737693786621,0.8362719416618347
1600,126,left shoulder,11,0.32461583614349365,0.30592745542526245,0.005740511231124401,0.9937238097190857,0.9502426385879517
1601,126,right_shoulder,12,0.4019690752029419,0.15221044421195984,0.12058955430984497,0.9913271069526672,0.9288583397865295
1602,126,left elbow,13,0.19340656697750092,0.34410545229911804,-0.017486242577433586,0.7043939828872681,0.9068572521209717
1603,126,right elbow,14,0.31742119789123535,0.0170318391174078,0.13196969032287598,0.4639199674129486,0.9133986830711365
1604,126,left wrist,15,0.13794292509555817,0.2912498712539673,-0.02525384910404682,0.5955729484558105,0.7782453894615173
1605,126,right wrist,16,0.2845989763736725,-0.063941590487957,0.09520327299833298,0.4549071788787842,0.8048077821731567
1606,126,left hip,23,-0.0361328087747097,0.04794558137655258,-0.05110558867454529,0.9776011109352112,0.9428122639656067
1607,126,right hip,24,0.03763570636510849,-0.04805663973093033,0.0514390766620636,0.9763697981834412,0.9547641277313232
1608,126,left knee,25,-0.0900353193283081,-0.1926913857460022,-0.10296374559402466,0.5188832879066467,0.6136585474014282
1609,126,right knee,26,0.0012836604146286845,-0.2896122932434082,0.022783761844038963,0.4422302842140198,0.6063300371170044
1610,126,left ankle,27,-0.24481575191020966,-0.3391217291355133,-0.016106003895401955,0.22573496401309967,0.340448260307312
1611,126,right ankle,28,-0.2589024007320404,-0.3831940293312073,0.04124343395233154,0.2611217498779297,0.41964560747146606
1612,127,head,0,0.47886139154434204,0.21444571018218994,-0.0017414001049473882,0.967571496963501,0.6437525153160095
1613,127,left shoulder,11,0.3275078237056732,0.3026430308818817,0.009010650217533112,0.9930100440979004,0.8073664307594299
1614,127,right_shoulder,12,0.4241378903388977,0.14789222180843353,0.11198220402002335,0.9912111759185791,0.929470419883728
1615,127,left elbow,13,0.18943123519420624,0.33262503147125244,-0.003569734748452902,0.7014526128768921,0.7758347988128662
1616,127,right elbow,14,0.33306822180747986,0.015222982503473759,0.12837949395179749,0.4592897593975067,0.9065600037574768
1617,127,left wrist,15,0.1319238841533661,0.27512234449386597,-0.011612753383815289,0.5859845876693726,0.653152346611023
1618,127,right wrist,16,0.2904553711414337,-0.06093228980898857,0.088015116751194,0.4484623968601227,0.8284485936164856
1619,127,left hip,23,-0.03748055174946785,0.049129895865917206,-0.0420323945581913,0.9778541922569275,0.9213555455207825
1620,127,right hip,24,0.038904666900634766,-0.04942278936505318,0.04226673021912575,0.9772539138793945,0.9645686149597168
1621,127,left knee,25,-0.10374660789966583,-0.18908759951591492,-0.0969785749912262,0.5174267292022705,0.47894486784935
1622,127,right knee,26,-0.027780000120401382,-0.28264686465263367,-0.0173379797488451,0.4524933397769928,0.6258047223091125
1623,127,left ankle,27,-0.2567276358604431,-0.2947220802307129,-0.006849269848316908,0.2184896618127823,0.2648962736129761
1624,127,right ankle,28,-0.29205289483070374,-0.3807643949985504,0.008176242001354694,0.26570069789886475,0.32923412322998047
1625,140,head,0,-0.02192815952003002,-0.539281964302063,-0.2916111946105957,0.9692054986953735,0.8970755338668823
1626,140,left shoulder,11,0.06769835948944092,-0.45694732666015625,-0.11371289193630219,0.9931744337081909,0.9503965973854065
1627,140,right_shoulder,12,-0.1809575855731964,-0.40491417050361633,-0.20432135462760925,0.9910018444061279,0.9024289846420288
1628,140,left elbow,13,0.18247459828853607,-0.34136995673179626,-0.07980430126190186,0.6937825679779053,0.4278593957424164
1629,140,right elbow,14,-0.13767686486244202,-0.2069397121667862,-0.18472740054130554,0.4664543569087982,0.19694708287715912
1630,140,left wrist,15,0.15502139925956726,-0.3017244040966034,-0.1603151261806488,0.5953710675239563,0.31371915340423584
1631,140,right wrist,16,-0.07562017440795898,-0.11083562672138214,-0.2148589938879013,0.4423362910747528,0.06287789344787598
1632,140,left hip,23,0.09024672210216522,-0.007783866953104734,0.024406837299466133,0.8826181888580322,0.006712610367685556
1633,140,right hip,24,-0.08906792849302292,-0.0007681875140406191,-0.021647050976753235,0.8820684552192688,0.006770549342036247
1634,140,left knee,25,0.1164044439792633,-0.08703634142875671,-0.06340061873197556,0.469646155834198,0.002578744664788246
1635,140,right knee,26,-0.11449921131134033,-0.036930572241544724,-0.13334299623966217,0.41342100501060486,0.0019361269660294056
1636,140,left ankle,27,0.11802566051483154,0.17553532123565674,0.1803167313337326,0.1978357583284378,0.0013735441025346518
1637,140,right ankle,28,-0.06642923504114151,0.3525015711784363,0.0761653259396553,0.24272145330905914,0.0011869242880493402
1638,141,head,0,-0.0406026691198349,-0.5563998818397522,-0.27210232615470886,0.9707646369934082,0.8979863524436951
1639,141,left shoulder,11,0.05019177123904228,-0.4676929712295532,-0.11267630010843277,0.9930309653282166,0.9219599962234497
1640,141,right_shoulder,12,-0.20149625837802887,-0.42020872235298157,-0.18340253829956055,0.9907181262969971,0.9005526304244995
1641,141,left elbow,13,0.17053039371967316,-0.3592662811279297,-0.0635029748082161,0.682542622089386,0.26991069316864014
1642,141,right elbow,14,-0.16312077641487122,-0.22765842080116272,-0.16496428847312927,0.46524181962013245,0.1489546298980713
1643,141,left wrist,15,0.16023553907871246,-0.3188362717628479,-0.13535133004188538,0.599550187587738,0.1565222293138504
1644,141,right wrist,16,-0.12369068711996078,-0.12162331491708755,-0.201077401638031,0.4443056583404541,0.07461150735616684
1645,141,left hip,23,0.09381468594074249,-0.012658130377531052,0.023338884115219116,0.7951250672340393,0.0018437006510794163
1646,141,right hip,24,-0.09276828169822693,0.003400848712772131,-0.02059323713183403,0.7946571707725525,0.002114030998200178
1647,141,left knee,25,0.11032411456108093,-0.08878193795681,-0.07106407731771469,0.4255920946598053,0.0007902845973148942
1648,141,right knee,26,-0.13767307996749878,-0.02620290406048298,-0.14952915906906128,0.3758907914161682,0.0006950893439352512
1649,141,left ankle,27,0.10812582820653915,0.1931217908859253,0.15799064934253693,0.1791335791349411,0.0005015063798055053
1650,141,right ankle,28,-0.06917456537485123,0.3726325035095215,0.04941427707672119,0.22114747762680054,0.0004929511924274266
1651,142,head,0,-0.035492148250341415,-0.5637527108192444,-0.27006861567497253,0.9731191396713257,0.965714693069458
1652,142,left shoulder,11,0.027585888281464577,-0.46044784784317017,-0.09688033163547516,0.9905833005905151,0.8242547512054443
1653,142,right_shoulder,12,-0.19287286698818207,-0.42911291122436523,-0.18632924556732178,0.9852956533432007,0.6520777940750122
1654,142,left elbow,13,0.1419050097465515,-0.3652706444263458,-0.056297723203897476,0.6550459861755371,0.22741080820560455
1655,142,right elbow,14,-0.12220398336648941,-0.29613059759140015,-0.18639534711837769,0.4734170138835907,0.10639067739248276
1656,142,left wrist,15,0.1603723168373108,-0.3948124051094055,-0.11540304869413376,0.5858328342437744,0.20750777423381805
1657,142,right wrist,16,-0.07612030953168869,-0.31448134779930115,-0.19820676743984222,0.45166173577308655,0.12722545862197876
1658,142,left hip,23,0.08950141817331314,-0.01745828241109848,0.029493464156985283,0.717247724533081,0.003696231637150049
1659,142,right hip,24,-0.08874590694904327,0.007522814907133579,-0.026853611692786217,0.7169015407562256,0.002747360849753022
1660,142,left knee,25,0.11750829219818115,-0.08904494345188141,-0.014107375405728817,0.38688924908638,0.0014491603942587972
1661,142,right knee,26,-0.11761767417192459,0.021413814276456833,-0.1397203952074051,0.3477211892604828,0.0011113061336800456
1662,142,left ankle,27,0.13349603116512299,0.18348239362239838,0.2045837789773941,0.16261893510818481,0.0006773174973204732
1663,142,right ankle,28,-0.03383990004658699,0.40384969115257263,0.0531398244202137,0.20384031534194946,0.0005125084426254034
1664,143,head,0,-0.07340607792139053,-0.5584051012992859,-0.2631615698337555,0.975622832775116,0.9958102703094482
1665,143,left shoulder,11,0.04447811841964722,-0.46461933851242065,-0.09647352248430252,0.9912412762641907,0.9824786186218262
1666,143,right_shoulder,12,-0.2196861207485199,-0.4115544557571411,-0.1560823768377304,0.98557448387146,0.9246088266372681
1667,143,left elbow,13,0.17333164811134338,-0.3757346570491791,-0.08750669658184052,0.6640288233757019,0.35911989212036133
1668,143,right elbow,14,-0.179968923330307,-0.26666995882987976,-0.16976818442344666,0.47361770272254944,0.10913122445344925
1669,143,left wrist,15,0.15473875403404236,-0.3940802216529846,-0.21506483852863312,0.6110058426856995,0.5292202234268188
1670,143,right wrist,16,-0.1353132277727127,-0.2553817629814148,-0.19958963990211487,0.4512154459953308,0.07625474780797958
1671,143,left hip,23,0.09548494964838028,-0.02124202437698841,0.028150809928774834,0.6467024087905884,0.002536384854465723
1672,143,right hip,24,-0.09401357918977737,0.011078331619501114,-0.025670213624835014,0.6461175680160522,0.0018187281675636768
1673,143,left knee,25,0.11307121068239212,-0.12152352184057236,-0.06379511952400208,0.34953200817108154,0.0008812436717562377
1674,143,right knee,26,-0.1555551141500473,0.01749371737241745,-0.14259302616119385,0.31464460492134094,0.0004993536276742816
1675,143,left ankle,27,0.12099474668502808,0.15833280980587006,0.1970558911561966,0.14721134305000305,0.0005705929943360388
1676,143,right ankle,28,-0.04773159697651863,0.3723284900188446,0.05486726760864258,0.1848716139793396,0.00047739746514707804
1677,144,head,0,-0.05758160725235939,-0.5805996060371399,-0.24082262814044952,0.9779594540596008,0.9978585839271545
1678,144,left shoulder,11,0.049063749611377716,-0.4778541922569275,-0.06561882793903351,0.9916258454322815,0.9785488247871399
1679,144,right_shoulder,12,-0.21292644739151,-0.4197998642921448,-0.14546717703342438,0.9845603704452515,0.8720062971115112
1680,144,left elbow,13,0.17121346294879913,-0.39248207211494446,-0.07328184694051743,0.6383492946624756,0.2605889141559601
1681,144,right elbow,14,-0.14228902757167816,-0.28092750906944275,-0.17504413425922394,0.4822100102901459,0.06779210269451141
1682,144,left wrist,15,0.16598376631736755,-0.42047548294067383,-0.20054009556770325,0.6154245138168335,0.3088917136192322
1683,144,right wrist,16,-0.09953484684228897,-0.27815544605255127,-0.2606450915336609,0.4745248854160309,0.09519192576408386
1684,144,left hip,23,0.09868128597736359,-0.024332499131560326,0.028526755049824715,0.5837428569793701,0.002852656180039048
1685,144,right hip,24,-0.09626656770706177,0.013822374865412712,-0.025703061372041702,0.5826100707054138,0.00192735914606601
1686,144,left knee,25,0.1214534267783165,-0.13777849078178406,-0.08216258883476257,0.31633469462394714,0.000543444009963423
1687,144,right knee,26,-0.1675742268562317,-0.05358884483575821,-0.151150643825531,0.28568127751350403,0.0002724685182329267
1688,144,left ankle,27,0.13751356303691864,0.15955953299999237,0.18646076321601868,0.1338297426700592,0.00040175075992010534
1689,144,right ankle,28,-0.05070417374372482,0.34968483448028564,0.04721083864569664,0.1683254987001419,0.0003798414836637676
1690,145,head,0,-0.03454282879829407,-0.5962348580360413,-0.16082894802093506,0.9800744652748108,0.9988669157028198
1691,145,left shoulder,11,0.05294080823659897,-0.4766617715358734,0.004000551532953978,0.9921091198921204,0.9867914915084839
1692,145,right_shoulder,12,-0.21060340106487274,-0.4562288820743561,-0.10646716505289078,0.9839003682136536,0.879387378692627
1693,145,left elbow,13,0.1721293330192566,-0.3926098346710205,-0.03533220663666725,0.6145851612091064,0.4427744448184967
1694,145,right elbow,14,-0.1259622424840927,-0.39003050327301025,-0.16841600835323334,0.5102102756500244,0.1327606439590454
1695,145,left wrist,15,0.19004091620445251,-0.43890655040740967,-0.20090043544769287,0.6252748370170593,0.6476820111274719
1696,145,right wrist,16,-0.037055764347314835,-0.46001115441322327,-0.2396811693906784,0.5107551217079163,0.23756466805934906
1697,145,left hip,23,0.09972380101680756,-0.024141836911439896,0.03097357414662838,0.5276631116867065,0.003321900498121977
1698,145,right hip,24,-0.09687672555446625,0.013537930324673653,-0.027786195278167725,0.5257362127304077,0.0017545518931001425
1699,145,left knee,25,0.1293628066778183,-0.1408395916223526,-0.07975206524133682,0.28608018159866333,0.0003584622754715383
1700,145,right knee,26,-0.16927948594093323,-0.0867495983839035,-0.16580677032470703,0.259184867143631,0.00019999974756501615
1701,145,left ankle,27,0.1438397318124771,0.15808692574501038,0.18070967495441437,0.12123973667621613,0.000212230283068493
1702,145,right ankle,28,-0.054491862654685974,0.3467237949371338,0.025201687589287758,0.15267044305801392,0.00018438838014844805
1703,146,head,0,-0.04508151859045029,-0.5837539434432983,-0.17873966693878174,0.9820290803909302,0.9993659853935242
1704,146,left shoulder,11,0.06338369846343994,-0.4865909516811371,-0.019208041951060295,0.992734968662262,0.9929776787757874
1705,146,right_shoulder,12,-0.19759608805179596,-0.43988245725631714,-0.1044258251786232,0.9838083982467651,0.907390832901001
1706,146,left elbow,13,0.2096894234418869,-0.4038219153881073,-0.1023179292678833,0.6253630518913269,0.5950079560279846
1707,146,right elbow,14,-0.1019403263926506,-0.3493085503578186,-0.1795099377632141,0.536210834980011,0.19165827333927155
1708,146,left wrist,15,0.1949019879102707,-0.38416793942451477,-0.3151107132434845,0.6472991704940796,0.6134850382804871
1709,146,right wrist,16,0.04580507054924965,-0.3782806396484375,-0.2917208969593048,0.5436407923698425,0.25951462984085083
1710,146,left hip,23,0.10278778523206711,-0.023787686601281166,0.030385544523596764,0.4781772196292877,0.0046516647562384605
1711,146,right hip,24,-0.09972122311592102,0.01315769087523222,-0.026914240792393684,0.47474849224090576,0.0022288584150373936
1712,146,left knee,25,0.12438061088323593,-0.13906636834144592,-0.09506057947874069,0.2590171992778778,0.0003755261132027954
1713,146,right knee,26,-0.1905563324689865,-0.09141196310520172,-0.16534511744976044,0.23537272214889526,0.00020166108151897788
1714,146,left ankle,27,0.13399355113506317,0.15669870376586914,0.16929805278778076,0.10990951955318451,0.00020970284822396934
1715,146,right ankle,28,-0.09207884222269058,0.34372207522392273,0.024102548137307167,0.13858339190483093,0.00019833582337014377
1716,147,head,0,-0.033359501510858536,-0.5982555747032166,-0.1743643432855606,0.9836522936820984,0.9980384707450867
1717,147,left shoulder,11,0.06240208074450493,-0.48244088888168335,-0.002683836268261075,0.9913753867149353,0.9315363764762878
1718,147,right_shoulder,12,-0.19746699929237366,-0.45734697580337524,-0.09797880053520203,0.9729164838790894,0.5518481135368347
1719,147,left elbow,13,0.20336337387561798,-0.39812058210372925,-0.08271018415689468,0.5944768190383911,0.1646645963191986
1720,147,right elbow,14,-0.10140176862478256,-0.3751213252544403,-0.17849957942962646,0.5344823002815247,0.030251704156398773
1721,147,left wrist,15,0.20682309567928314,-0.4161438047885895,-0.2700594365596771,0.6441333293914795,0.32401078939437866
1722,147,right wrist,16,0.03176041319966316,-0.3914323151111603,-0.26730868220329285,0.5414884686470032,0.03754347935318947
1723,147,left hip,23,0.10086800903081894,-0.023464573547244072,0.03437502682209015,0.4311067461967468,0.0007657143287360668
1724,147,right hip,24,-0.09799084067344666,0.012847996316850185,-0.0309083703905344,0.4276866614818573,0.0003739609965123236
1725,147,left knee,25,0.12837615609169006,-0.13686415553092957,-0.07592209428548813,0.23429161310195923,0.00022874058049637824
1726,147,right knee,26,-0.1757756620645523,-0.08987951278686523,-0.1622534543275833,0.21374467015266418,0.00010038387699751183
1727,147,left ankle,27,0.13052242994308472,0.16309159994125366,0.18155597150325775,0.0997156947851181,0.00013225052680354565
1728,147,right ankle,28,-0.09162536263465881,0.33854174613952637,0.02898254431784153,0.1258895993232727,0.00011243269545957446
1729,148,head,0,-0.027697285637259483,-0.6065948009490967,-0.1879563331604004,0.985236644744873,0.9990150928497314
1730,148,left shoulder,11,0.06388359516859055,-0.48441818356513977,-0.014362825080752373,0.9917369484901428,0.9807723760604858
1731,148,right_shoulder,12,-0.1920451819896698,-0.44435030221939087,-0.10052669048309326,0.9745460748672485,0.9548750519752502
1732,148,left elbow,13,0.19964292645454407,-0.392072468996048,-0.055854544043540955,0.5827341079711914,0.17016758024692535
1733,148,right elbow,14,-0.1446933150291443,-0.33886903524398804,-0.1770387589931488,0.5322731733322144,0.047114480286836624
1734,148,left wrist,15,0.20348647236824036,-0.38895589113235474,-0.2580806612968445,0.642662763595581,0.1540805697441101
1735,148,right wrist,16,-0.06252800673246384,-0.24211162328720093,-0.305298775434494,0.5291340947151184,0.02735288254916668
1736,148,left hip,23,0.09987088292837143,-0.023775149136781693,0.03582610562443733,0.38838544487953186,0.00041434948798269033
1737,148,right hip,24,-0.09713264554738998,0.01305149495601654,-0.032233692705631256,0.3852517306804657,0.00041394581785425544
1738,148,left knee,25,0.1261824369430542,-0.14607621729373932,-0.08265654742717743,0.2117661088705063,0.00014704512432217598
1739,148,right knee,26,-0.17338305711746216,-0.08286764472723007,-0.16304723918437958,0.19397146999835968,0.00010726341133704409
1740,148,left ankle,27,0.12611669301986694,0.15949049592018127,0.18752017617225647,0.09036456793546677,0.00011957679816987365
1741,148,right ankle,28,-0.11049065738916397,0.3469666838645935,0.049709636718034744,0.11478105932474136,0.00016879303439054638
1742,149,head,0,-0.024945495650172234,-0.6034880876541138,-0.22197827696800232,0.9866807460784912,0.9994027614593506
1743,149,left shoulder,11,0.07563155144453049,-0.47416895627975464,-0.036568522453308105,0.992251455783844,0.9866086840629578
1744,149,right_shoulder,12,-0.1880456805229187,-0.4337267577648163,-0.11897619068622589,0.9765681028366089,0.9797443151473999
1745,149,left elbow,13,0.19881869852542877,-0.3791186213493347,-0.06278403848409653,0.5750221610069275,0.11084061861038208
1746,149,right elbow,14,-0.16963233053684235,-0.269872784614563,-0.17930711805820465,0.521608829498291,0.02978101558983326
1747,149,left wrist,15,0.20165890455245972,-0.3758597671985626,-0.24886180460453033,0.6530450582504272,0.19157087802886963
1748,149,right wrist,16,-0.10364164412021637,-0.18246763944625854,-0.3124249577522278,0.4981110692024231,0.00999862514436245
1749,149,left hip,23,0.09996281564235687,-0.02342037297785282,0.03734413534402847,0.34979069232940674,0.0002622155880089849
1750,149,right hip,24,-0.0972602590918541,0.012800859287381172,-0.03358276188373566,0.346952885389328,0.0002742671058513224
1751,149,left knee,25,0.132481649518013,-0.1565699577331543,-0.1017208844423294,0.19147604703903198,0.00014573551015928388
1752,149,right knee,26,-0.1685628592967987,-0.08514392375946045,-0.1627112478017807,0.17597337067127228,0.00010713736992329359
1753,149,left ankle,27,0.13240204751491547,0.13318248093128204,0.19205646216869354,0.08195134997367859,0.00010139693040400743
1754,149,right ankle,28,-0.11778698861598969,0.33883050084114075,0.09818851947784424,0.10453153401613235,0.00014584240852855146
1755,150,head,0,-0.02275841310620308,-0.6056593656539917,-0.2405521422624588,0.9879807829856873,0.9994165897369385
1756,150,left shoulder,11,0.08574634790420532,-0.4696560800075531,-0.05699484050273895,0.9929091930389404,0.9945037364959717
1757,150,right_shoulder,12,-0.18831120431423187,-0.42931199073791504,-0.13855886459350586,0.9787233471870422,0.9937771558761597
1758,150,left elbow,13,0.2219836264848709,-0.3755477964878082,-0.08079478144645691,0.589569091796875,0.15862421691417694
1759,150,right elbow,14,-0.20399101078510284,-0.25368446111679077,-0.17664766311645508,0.5215293765068054,0.04358759522438049
1760,150,left wrist,15,0.21029441058635712,-0.37200942635536194,-0.2559043765068054,0.6704866886138916,0.2503923773765564
1761,150,right wrist,16,-0.18309487402439117,-0.14252056181430817,-0.3078613877296448,0.4610261917114258,0.004067054018378258
1762,150,left hip,23,0.10096792131662369,-0.021284203976392746,0.038206372410058975,0.31501179933547974,0.00021031798678450286
1763,150,right hip,24,-0.09848366677761078,0.010516207665205002,-0.034314047545194626,0.3124386966228485,0.00022093451116234064
1764,150,left knee,25,0.13410083949565887,-0.15504442155361176,-0.10532307624816895,0.17325392365455627,0.00012826746387872845
1765,150,right knee,26,-0.16594313085079193,-0.08479197323322296,-0.16763058304786682,0.1595148742198944,9.944427438313141e-05
1766,150,left ankle,27,0.13914985954761505,0.12502707540988922,0.18950699269771576,0.07429090887308121,7.827694207662717e-05
1767,150,right ankle,28,-0.13248276710510254,0.33503520488739014,0.13552939891815186,0.09490585327148438,0.00011418748181313276
1768,151,head,0,-0.021981244906783104,-0.6101027131080627,-0.23817048966884613,0.9891061782836914,0.9985161423683167
1769,151,left shoulder,11,0.08603651076555252,-0.4800136387348175,-0.05726898834109306,0.9929707646369934,0.9613858461380005
1770,151,right_shoulder,12,-0.18962453305721283,-0.43033650517463684,-0.14159537851810455,0.9803264737129211,0.9782659411430359
1771,151,left elbow,13,0.21619370579719543,-0.3792390823364258,-0.07342449575662613,0.5791865587234497,0.0896037220954895
1772,151,right elbow,14,-0.21142350137233734,-0.24662768840789795,-0.17605182528495789,0.5204867124557495,0.035523079335689545
1773,151,left wrist,15,0.21601291000843048,-0.36471593379974365,-0.22018800675868988,0.6604108214378357,0.07628238201141357
1774,151,right wrist,16,-0.19513854384422302,-0.11416521668434143,-0.2914433181285858,0.4309883117675781,0.005038395524024963
1775,151,left hip,23,0.10052001476287842,-0.021126270294189453,0.03916819021105766,0.2836993634700775,0.00020303497149143368
1776,151,right hip,24,-0.09847582131624222,0.010456105694174767,-0.03541484475135803,0.2814032733440399,0.0002449305320624262
1777,151,left knee,25,0.13232871890068054,-0.10892653465270996,-0.07536567747592926,0.15694205462932587,0.0001234914525412023
1778,151,right knee,26,-0.16074521839618683,0.014927823096513748,-0.16566915810108185,0.1453361064195633,0.00013921502977609634
1779,151,left ankle,27,0.137593612074852,0.15662400424480438,0.18825455009937286,0.0673593133687973,8.378516213269904e-05
1780,151,right ankle,28,-0.1498115062713623,0.3685879707336426,0.11751580983400345,0.0865282341837883,0.0001438432518625632
1781,152,head,0,-0.019157351925969124,-0.6125436425209045,-0.23843397200107574,0.990138828754425,0.9990053772926331
1782,152,left shoulder,11,0.08676625043153763,-0.4807172417640686,-0.060842204838991165,0.9923310279846191,0.9243248701095581
1783,152,right_shoulder,12,-0.1910674124956131,-0.4364212453365326,-0.14104287326335907,0.9818784594535828,0.984749436378479
1784,152,left elbow,13,0.15686050057411194,-0.3596602976322174,-0.06736117601394653,0.5444926023483276,0.039300162345170975
1785,152,right elbow,14,-0.21732456982135773,-0.2457999438047409,-0.18938635289669037,0.5214130878448486,0.041895318776369095
1786,152,left wrist,15,0.16727381944656372,-0.27978506684303284,-0.18872573971748352,0.6116299629211426,0.013722042553126812
1787,152,right wrist,16,-0.1875041127204895,-0.11744935810565948,-0.326036274433136,0.40585076808929443,0.00823957659304142
1788,152,left hip,23,0.10018385201692581,-0.022207580506801605,0.03899293765425682,0.2554725110530853,0.00011406265548430383
1789,152,right hip,24,-0.09852101653814316,0.011240405961871147,-0.03535589203238487,0.25349360704421997,0.000210906975553371
1790,152,left knee,25,0.11554183810949326,-0.10761252790689468,-0.05882778763771057,0.1420169621706009,5.868956941412762e-05
1791,152,right knee,26,-0.1598854511976242,0.06341928988695145,-0.16407637298107147,0.13256335258483887,0.00012270078877918422
1792,152,left ankle,27,0.1300610452890396,0.16017436981201172,0.19130514562129974,0.061001889407634735,4.450722553883679e-05
1793,152,right ankle,28,-0.1739918738603592,0.3909502923488617,0.11574732512235641,0.07908796519041061,0.000122897865367122
1794,153,head,0,-0.0028179266955703497,-0.6151576638221741,-0.24533388018608093,0.9910358786582947,0.9985495209693909
1795,153,left shoulder,11,0.08663814514875412,-0.47986316680908203,-0.0590926930308342,0.9920932650566101,0.9424961805343628
1796,153,right_shoulder,12,-0.19017893075942993,-0.4341437518596649,-0.15525785088539124,0.9833299517631531,0.9849864840507507
1797,153,left elbow,13,0.12786126136779785,-0.3290613293647766,-0.027069170027971268,0.5042503476142883,0.04406942427158356
1798,153,right elbow,14,-0.220530167222023,-0.22759777307510376,-0.19130580127239227,0.5281059145927429,0.038505733013153076
1799,153,left wrist,15,0.15794527530670166,-0.23650862276554108,-0.12750093638896942,0.5643267035484314,0.01774856448173523
1800,153,right wrist,16,-0.19199644029140472,-0.0909048318862915,-0.307254433631897,0.37922999262809753,0.0053026615642011166
1801,153,left hip,23,0.09991872310638428,-0.022092783823609352,0.043655529618263245,0.23002193868160248,0.00010850623220903799
1802,153,right hip,24,-0.09848454594612122,0.011157307773828506,-0.04021698608994484,0.22829793393611908,0.00016889334074221551
1803,153,left knee,25,0.11452800780534744,-0.09725940972566605,-0.022771619260311127,0.1285288780927658,8.809593418845907e-05
1804,153,right knee,26,-0.14849108457565308,0.056575700640678406,-0.16299045085906982,0.12137743085622787,0.00015036854892969131
1805,153,left ankle,27,0.12704038619995117,0.16851764917373657,0.21645498275756836,0.05517539754509926,5.93680924794171e-05
1806,153,right ankle,28,-0.17281121015548706,0.3871406018733978,0.10818763822317123,0.07224775850772858,0.00013258311082608998
1807,154,head,0,-0.0012942737666890025,-0.6201355457305908,-0.24443286657333374,0.9918747544288635,0.9992331266403198
1808,154,left shoulder,11,0.09286580979824066,-0.4768993556499481,-0.05906027555465698,0.9923003315925598,0.9758944511413574
1809,154,right_shoulder,12,-0.1894765943288803,-0.43263283371925354,-0.15394704043865204,0.9846444129943848,0.98912113904953
1810,154,left elbow,13,0.1333622932434082,-0.29841652512550354,-0.03026665560901165,0.46951016783714294,0.030784407630562782
1811,154,right elbow,14,-0.2282092571258545,-0.23070712387561798,-0.18977077305316925,0.5294288396835327,0.02784576639533043
1812,154,left wrist,15,0.16216199100017548,-0.183590367436409,-0.14447835087776184,0.5169711709022522,0.007127199787646532
1813,154,right wrist,16,-0.2172616422176361,-0.10136118531227112,-0.30098268389701843,0.35032424330711365,0.002299708779901266
1814,154,left hip,23,0.10006145387887955,-0.022013690322637558,0.043665528297424316,0.2071104496717453,7.400238973787054e-05
1815,154,right hip,24,-0.09873129427433014,0.011124713346362114,-0.040275655686855316,0.20559196174144745,0.00011080245894845575
1816,154,left knee,25,0.10166697204113007,-0.10754938423633575,-0.032670579850673676,0.11630239337682724,4.831061960430816e-05
1817,154,right knee,26,-0.14776797592639923,0.029748009517788887,-0.1634654849767685,0.11059767007827759,6.965901411604136e-05
1818,154,left ankle,27,0.12596842646598816,0.16683688759803772,0.22610381245613098,0.050010181963443756,3.129622928099707e-05
1819,154,right ankle,28,-0.16924753785133362,0.37859538197517395,0.1313273310661316,0.06587758660316467,5.99414597672876e-05
1820,155,head,0,0.003475271165370941,-0.622532069683075,-0.24698618054389954,0.992539644241333,0.9967603087425232
1821,155,left shoulder,11,0.09351792186498642,-0.4795664846897125,-0.05811581760644913,0.9921023845672607,0.9369388222694397
1822,155,right_shoulder,12,-0.18861711025238037,-0.43146663904190063,-0.15889997780323029,0.9856626987457275,0.9787293672561646
1823,155,left elbow,13,0.140847310423851,-0.3101964294910431,-0.016384679824113846,0.44198471307754517,0.040047772228717804
1824,155,right elbow,14,-0.23793382942676544,-0.23271161317825317,-0.18068940937519073,0.5373912453651428,0.03297781944274902
1825,155,left wrist,15,0.1984216272830963,-0.22708351910114288,-0.11423467844724655,0.4828037917613983,0.01159804966300726
1826,155,right wrist,16,-0.22501526772975922,-0.09216909855604172,-0.23675359785556793,0.325265109539032,0.002071448601782322
1827,155,left hip,23,0.09995387494564056,-0.021125726401805878,0.04398738965392113,0.18646161258220673,7.651383202755824e-05
1828,155,right hip,24,-0.09876469522714615,0.010298720560967922,-0.04061443358659744,0.18511708080768585,0.00011673931294353679
1829,155,left knee,25,0.10261406749486923,-0.10757347196340561,-0.03444169461727142,0.10567595809698105,6.794121145503595e-05
1830,155,right knee,26,-0.1447279304265976,0.02751724235713482,-0.16043072938919067,0.10119196772575378,0.00010201033728662878
1831,155,left ankle,27,0.11882047355175018,0.16680264472961426,0.22315602004528046,0.04542466625571251,4.955946860718541e-05
1832,155,right ankle,28,-0.174697145819664,0.37324219942092896,0.14109361171722412,0.060166940093040466,7.614618516527116e-05
1833,156,head,0,0.008124391548335552,-0.6223695278167725,-0.24710297584533691,0.993225634098053,0.9992761015892029
1834,156,left shoulder,11,0.09474186599254608,-0.47795966267585754,-0.05658487603068352,0.9923682808876038,0.9820719361305237
1835,156,right_shoulder,12,-0.1884404718875885,-0.4306650459766388,-0.16196931898593903,0.9867703914642334,0.9909248352050781
1836,156,left elbow,13,0.1282927542924881,-0.3057147264480591,-0.014835976995527744,0.4114319980144501,0.03834284469485283
1837,156,right elbow,14,-0.23320813477039337,-0.23304483294487,-0.18017159402370453,0.5369827151298523,0.028052104637026787
1838,156,left wrist,15,0.16620731353759766,-0.18451429903507233,-0.1202760711312294,0.4421482980251312,0.007154610939323902
1839,156,right wrist,16,-0.2198164165019989,-0.095846988260746,-0.24941077828407288,0.3005846440792084,0.0019738804548978806
1840,156,left hip,23,0.10090942680835724,-0.020958269014954567,0.04501691088080406,0.16791753470897675,9.061763557838276e-05
1841,156,right hip,24,-0.0997048169374466,0.010219825431704521,-0.041686661541461945,0.1667541116476059,0.0001293759560212493
1842,156,left knee,25,0.10337825864553452,-0.11976169794797897,-0.03489308804273605,0.09600476920604706,9.033378591993824e-05
1843,156,right knee,26,-0.13375544548034668,0.024183446541428566,-0.1641799956560135,0.09346087276935577,0.00011176781117683277
1844,156,left ankle,27,0.11902160197496414,0.15316957235336304,0.23856647312641144,0.041186146438121796,5.832190436194651e-05
1845,156,right ankle,28,-0.16947409510612488,0.37560755014419556,0.15570825338363647,0.055315032601356506,9.545140346745029e-05
1846,157,head,0,0.010324203409254551,-0.6202013492584229,-0.2526871860027313,0.9938203692436218,0.9989928603172302
1847,157,left shoulder,11,0.09544160962104797,-0.4767962396144867,-0.05659603327512741,0.9927308559417725,0.9850803017616272
1848,157,right_shoulder,12,-0.18779915571212769,-0.4302433431148529,-0.17271873354911804,0.9878561496734619,0.992456316947937
1849,157,left elbow,13,0.12938322126865387,-0.30227768421173096,-0.013483642600476742,0.3831624388694763,0.041420258581638336
1850,157,right elbow,14,-0.23263797163963318,-0.23076075315475464,-0.17960864305496216,0.534268856048584,0.027369443327188492
1851,157,left wrist,15,0.1662263423204422,-0.18146374821662903,-0.1211133524775505,0.4056791365146637,0.00832461565732956
1852,157,right wrist,16,-0.21324646472930908,-0.08335801959037781,-0.24677518010139465,0.2759825885295868,0.001479022204875946
1853,157,left hip,23,0.10140436887741089,-0.020315898582339287,0.0467490591108799,0.15120068192481995,7.699859997956082e-05
1854,157,right hip,24,-0.10024096071720123,0.009731834754347801,-0.043418336659669876,0.1501876562833786,0.00010380738240201026
1855,157,left knee,25,0.10412654280662537,-0.12029027193784714,-0.02743588574230671,0.08704648911952972,7.992282917257398e-05
1856,157,right knee,26,-0.1281217336654663,0.019945617765188217,-0.16732054948806763,0.08565298467874527,9.309789311373606e-05
1857,157,left ankle,27,0.12079820781946182,0.14920946955680847,0.2473713606595993,0.037315040826797485,5.1345123210921884e-05
1858,157,right ankle,28,-0.16641250252723694,0.3740837275981903,0.16523917019367218,0.05053118243813515,7.69278485677205e-05
1859,158,head,0,0.01008845679461956,-0.6177470088005066,-0.2575255334377289,0.9943524599075317,0.9987332224845886
1860,158,left shoulder,11,0.09686456620693207,-0.4763624966144562,-0.06127680093050003,0.9930722713470459,0.983017086982727
1861,158,right_shoulder,12,-0.18722137808799744,-0.42979079484939575,-0.17134840786457062,0.9888448715209961,0.9911077618598938
1862,158,left elbow,13,0.13292737305164337,-0.290090948343277,-0.014285115525126457,0.36474910378456116,0.043230120092630386
1863,158,right elbow,14,-0.2314203977584839,-0.22676025331020355,-0.17940562963485718,0.5390835404396057,0.030574508011341095
1864,158,left wrist,15,0.1674083173274994,-0.16099511086940765,-0.1262160688638687,0.3772704601287842,0.010330257937312126
1865,158,right wrist,16,-0.2074914127588272,-0.08117164671421051,-0.24938072264194489,0.2544303834438324,0.0015314543852582574
1866,158,left hip,23,0.10134933888912201,-0.020330511033535004,0.0471046008169651,0.1361522227525711,6.430740177165717e-05
1867,158,right hip,24,-0.10018742084503174,0.009810000658035278,-0.043768253177404404,0.13528065383434296,9.537897858535871e-05
1868,158,left knee,25,0.1054815873503685,-0.12872086465358734,-0.02917710319161415,0.07892169058322906,5.36519473826047e-05
1869,158,right knee,26,-0.12721256911754608,0.014766153879463673,-0.1686427742242813,0.07848720252513885,8.0219550000038e-05
1870,158,left ankle,27,0.12644760310649872,0.13956589996814728,0.2451416254043579,0.03383001685142517,3.443523746682331e-05
1871,158,right ankle,28,-0.16562217473983765,0.3731217384338379,0.15740802884101868,0.0462808758020401,5.888876330573112e-05
1872,159,head,0,0.01595592498779297,-0.6177871227264404,-0.2690836191177368,0.9948493838310242,0.9989596605300903
1873,159,left shoulder,11,0.09670460224151611,-0.47491559386253357,-0.05976182594895363,0.9926414489746094,0.9650213122367859
1874,159,right_shoulder,12,-0.17927519977092743,-0.4313795566558838,-0.1759067177772522,0.9895712733268738,0.9884932637214661
1875,159,left elbow,13,0.10453714430332184,-0.31188780069351196,-0.012584998272359371,0.3404292166233063,0.05615969002246857
1876,159,right elbow,14,-0.22736217081546783,-0.22324581444263458,-0.17295588552951813,0.5361190438270569,0.027067111805081367
1877,159,left wrist,15,0.11627131700515747,-0.3413364887237549,-0.10954423248767853,0.3650480806827545,0.09690337628126144
1878,159,right wrist,16,-0.2015461027622223,-0.08143725246191025,-0.20551085472106934,0.23299597203731537,0.0018500551814213395
1879,159,left hip,23,0.10128982365131378,-0.015749288722872734,0.05293762683868408,0.12263570725917816,0.0001734635588945821
1880,159,right hip,24,-0.10014057159423828,0.005554406438022852,-0.049300506711006165,0.12192187458276749,0.00024589619715698063
1881,159,left knee,25,0.12686027586460114,-0.13356927037239075,-0.018059324473142624,0.07252421230077744,0.0003649771388154477
1882,159,right knee,26,-0.11917812377214432,-0.06850716471672058,-0.18094705045223236,0.07659847289323807,0.0004386819782666862
1883,159,left ankle,27,0.11876486986875534,0.12655667960643768,0.2592855989933014,0.030712183564901352,0.00016946859250310808
1884,159,right ankle,28,-0.1642458587884903,0.3399035930633545,0.15794818103313446,0.04334311932325363,0.0002626063651405275
1885,160,head,0,0.015260595828294754,-0.6166478395462036,-0.26881781220436096,0.995313823223114,0.9994814991950989
1886,160,left shoulder,11,0.09617764502763748,-0.4689355492591858,-0.05781332403421402,0.9926435947418213,0.9787978529930115
1887,160,right_shoulder,12,-0.17585626244544983,-0.4310547411441803,-0.1741897463798523,0.990236759185791,0.9900908470153809
1888,160,left elbow,13,0.11230573803186417,-0.33156198263168335,-0.02543606236577034,0.33455222845077515,0.10208938270807266
1889,160,right elbow,14,-0.2271207869052887,-0.21689890325069427,-0.15520162880420685,0.5233022570610046,0.025683149695396423
1890,160,left wrist,15,0.08436251431703568,-0.4310303330421448,-0.14819744229316711,0.41095900535583496,0.6006300449371338
1891,160,right wrist,16,-0.20060907304286957,-0.07805585861206055,-0.1687059998512268,0.21359172463417053,0.0014592722291126847
1892,160,left hip,23,0.10103558748960495,-0.011077813804149628,0.05827818065881729,0.11047090590000153,0.00019345096370670944
1893,160,right hip,24,-0.09963905066251755,0.0010433209827169776,-0.054183702915906906,0.10985682159662247,0.0002379872021265328
1894,160,left knee,25,0.1618615984916687,-0.13860104978084564,-0.037384018301963806,0.06652887165546417,0.00039129634387791157
1895,160,right knee,26,-0.12026099860668182,-0.12479932606220245,-0.17914149165153503,0.07161526381969452,0.00029603668372146785
1896,160,left ankle,27,0.11890773475170135,0.10762549936771393,0.25359535217285156,0.028011510148644447,0.00018024285964202136
1897,160,right ankle,28,-0.160568967461586,0.29406389594078064,0.17190805077552795,0.03999636322259903,0.00019116846669930965
1898,161,head,0,0.017801782116293907,-0.619904637336731,-0.2682589888572693,0.9957460165023804,0.9996259212493896
1899,161,left shoulder,11,0.09647879004478455,-0.46699726581573486,-0.05307130888104439,0.9930081367492676,0.9895994663238525
1900,161,right_shoulder,12,-0.175846666097641,-0.43076378107070923,-0.1761162281036377,0.9910048842430115,0.9945566654205322
1901,161,left elbow,13,0.11661480367183685,-0.30492186546325684,-0.01837984472513199,0.31572139263153076,0.052113957703113556
1902,161,right elbow,14,-0.2332763820886612,-0.21970032155513763,-0.15626367926597595,0.5298728346824646,0.026690293103456497
1903,161,left wrist,15,0.11618366837501526,-0.25243815779685974,-0.13843676447868347,0.38701486587524414,0.03508733585476875
1904,161,right wrist,16,-0.20731259882450104,-0.0834689512848854,-0.188904270529747,0.1969146728515625,0.0014204212930053473
1905,161,left hip,23,0.10110349208116531,-0.011224604211747646,0.05858845263719559,0.09951335936784744,0.00010939993080683053
1906,161,right hip,24,-0.09972016513347626,0.0011828471906483173,-0.0546276681125164,0.09900793433189392,0.00013410583778750151
1907,161,left knee,25,0.15566712617874146,-0.14134930074214935,-0.023978225886821747,0.06079473719000816,0.00016616343054920435
1908,161,right knee,26,-0.11508022248744965,-0.11470088362693787,-0.18325264751911163,0.0680825263261795,0.00020236335694789886
1909,161,left ankle,27,0.12179966270923615,0.11016711592674255,0.26389726996421814,0.025469638407230377,8.978021651273593e-05
1910,161,right ankle,28,-0.1605948507785797,0.3215791583061218,0.1703738421201706,0.03725368157029152,0.00014051776088308543
1911,162,head,0,0.01734716072678566,-0.6207758188247681,-0.26648297905921936,0.9961336851119995,0.9996036887168884
1912,162,left shoulder,11,0.10014670342206955,-0.4612204134464264,-0.05699843913316727,0.9934462308883667,0.9924136996269226
1913,162,right_shoulder,12,-0.1766749620437622,-0.4297979176044464,-0.17745813727378845,0.9917540550231934,0.9960415363311768
1914,162,left elbow,13,0.1192714273929596,-0.2848551869392395,-0.024621300399303436,0.3022512197494507,0.03477924317121506
1915,162,right elbow,14,-0.24357064068317413,-0.22066070139408112,-0.16095685958862305,0.5361314415931702,0.020143629983067513
1916,162,left wrist,15,0.11852911114692688,-0.1970515102148056,-0.14576035737991333,0.3634736239910126,0.019575195387005806
1917,162,right wrist,16,-0.21928620338439941,-0.08681736886501312,-0.20603275299072266,0.18252186477184296,0.0011500704567879438
1918,162,left hip,23,0.10213219374418259,-0.011377861723303795,0.05803459882736206,0.08961320668458939,5.3318228310672566e-05
1919,162,right hip,24,-0.10049288719892502,0.001419978914782405,-0.05412483587861061,0.08918117731809616,7.029582047834992e-05
1920,162,left knee,25,0.15431605279445648,-0.15374261140823364,-0.025702450424432755,0.05547291040420532,7.875395385781303e-05
1921,162,right knee,26,-0.11576543748378754,-0.08981949090957642,-0.18601784110069275,0.06340380012989044,8.50002616061829e-05
1922,162,left ankle,27,0.12655481696128845,0.10706420987844467,0.26205742359161377,0.023185255005955696,4.9300211685476825e-05
1923,162,right ankle,28,-0.16259005665779114,0.32528403401374817,0.18226492404937744,0.03434068709611893,6.629136623814702e-05
1924,163,head,0,0.025221718475222588,-0.6262743473052979,-0.2661447525024414,0.9964984655380249,0.9997662901878357
1925,163,left shoulder,11,0.09990597516298294,-0.45629122853279114,-0.05635843798518181,0.9938599467277527,0.9932460188865662
1926,163,right_shoulder,12,-0.1768244206905365,-0.43052995204925537,-0.18364065885543823,0.9924955368041992,0.9979750514030457
1927,163,left elbow,13,0.1127573698759079,-0.28057384490966797,-0.018588008359074593,0.28748396039009094,0.060149215161800385
1928,163,right elbow,14,-0.24271482229232788,-0.22180308401584625,-0.16938111186027527,0.5563191771507263,0.03884318098425865
1929,163,left wrist,15,0.1250280737876892,-0.2111976146697998,-0.1348351240158081,0.3452911078929901,0.059794746339321136
1930,163,right wrist,16,-0.2134583443403244,-0.08452799171209335,-0.2098739594221115,0.17128609120845795,0.0028432519175112247
1931,163,left hip,23,0.10210464894771576,-0.011493288911879063,0.06084897369146347,0.08071167021989822,8.509514736942947e-05
1932,163,right hip,24,-0.10046543926000595,0.0015278797363862395,-0.05690501630306244,0.0803646370768547,0.00012214943126309663
1933,163,left knee,25,0.14921578764915466,-0.15863503515720367,-0.020183628425002098,0.05068860948085785,0.00015111698303371668
1934,163,right knee,26,-0.11183913052082062,-0.07818373292684555,-0.19630682468414307,0.06030425801873207,0.0002146454935427755
1935,163,left ankle,27,0.13105890154838562,0.10938835889101028,0.26392436027526855,0.021089067682623863,0.00010293649393133819
1936,163,right ankle,28,-0.16610458493232727,0.3394712507724762,0.1766214519739151,0.032032135874032974,0.00015555800928268582
1937,164,head,0,0.02686198055744171,-0.627363920211792,-0.26783594489097595,0.9968346357345581,0.999860405921936
1938,164,left shoulder,11,0.09620843827724457,-0.455965131521225,-0.05428231507539749,0.9940855503082275,0.991262674331665
1939,164,right_shoulder,12,-0.17664769291877747,-0.4306643307209015,-0.18733859062194824,0.9931588172912598,0.9982836246490479
1940,164,left elbow,13,0.10223931074142456,-0.3035240173339844,-0.00989155750721693,0.272380530834198,0.06747260689735413
1941,164,right elbow,14,-0.24352027475833893,-0.22122520208358765,-0.17293746769428253,0.5602981448173523,0.029118627309799194
1942,164,left wrist,15,0.10052132606506348,-0.3451410233974457,-0.11135976016521454,0.3492547571659088,0.2149939090013504
1943,164,right wrist,16,-0.21037007868289948,-0.08432622253894806,-0.21106046438217163,0.1596001237630844,0.0022387229837477207
1944,164,left hip,23,0.10187383741140366,-0.01109987311065197,0.06522535532712936,0.07269316911697388,0.00011719537724275142
1945,164,right hip,24,-0.10014108568429947,0.0011333266738802195,-0.061051998287439346,0.07242107391357422,0.00017786669195629656
1946,164,left knee,25,0.1512845754623413,-0.16455046832561493,-0.021530304104089737,0.046354569494724274,0.00022298753901850432
1947,164,right knee,26,-0.11245059221982956,-0.0900316908955574,-0.19493873417377472,0.0569678395986557,0.0002718449686653912
1948,164,left ankle,27,0.13067179918289185,0.10401944071054459,0.2604398727416992,0.019219351932406425,0.00015656214964110404
1949,164,right ankle,28,-0.16980676352977753,0.3276563882827759,0.17284291982650757,0.029920725151896477,0.000228750825044699
1950,165,head,0,0.025986135005950928,-0.6265613436698914,-0.26846858859062195,0.9971308708190918,0.999836802482605
1951,165,left shoulder,11,0.09112613648176193,-0.45524725317955017,-0.04732361435890198,0.9938043355941772,0.9825209975242615
1952,165,right_shoulder,12,-0.17386427521705627,-0.43105730414390564,-0.18684124946594238,0.9935991168022156,0.9956705570220947
1953,165,left elbow,13,0.08814141899347305,-0.3125198781490326,-0.011070177890360355,0.2618423104286194,0.09759066998958588
1954,165,right elbow,14,-0.24122394621372223,-0.20966656506061554,-0.16485856473445892,0.5514605045318604,0.02980731427669525
1955,165,left wrist,15,0.06900757551193237,-0.4172426760196686,-0.11611209064722061,0.3828391134738922,0.528046190738678
1956,165,right wrist,16,-0.20006828010082245,-0.0755067989230156,-0.1863737404346466,0.1484236717224121,0.002526709111407399
1957,165,left hip,23,0.10031425952911377,-0.01024473737925291,0.06771355867385864,0.06550797820091248,0.0002116156101692468
1958,165,right hip,24,-0.09854701161384583,0.00024804341956041753,-0.06346988677978516,0.0652952641248703,0.00028435795684345067
1959,165,left knee,25,0.1554124802350998,-0.16379985213279724,-0.03424697369337082,0.042676616460084915,0.0003792800416704267
1960,165,right knee,26,-0.11262266337871552,-0.09325290471315384,-0.18913201987743378,0.053805895149707794,0.0003527319058775902
1961,165,left ankle,27,0.12383823841810226,0.10591314733028412,0.23471027612686157,0.017646199092268944,0.0002075721276924014
1962,165,right ankle,28,-0.16912484169006348,0.3193497955799103,0.17056074738502502,0.027920447289943695,0.00022184831323102117
1963,166,head,0,0.02927730791270733,-0.6272658109664917,-0.2681575417518616,0.9974064230918884,0.9999114274978638
1964,166,left shoulder,11,0.09108386933803558,-0.4553051292896271,-0.04212075471878052,0.9934936761856079,0.9852967858314514
1965,166,right_shoulder,12,-0.171327143907547,-0.4348703920841217,-0.18498024344444275,0.9940102696418762,0.9962691068649292
1966,166,left elbow,13,0.08848351985216141,-0.3141324818134308,-0.00584959564730525,0.24662812054157257,0.0889396145939827
1967,166,right elbow,14,-0.23990654945373535,-0.21288570761680603,-0.16503912210464478,0.5589243769645691,0.03759590908885002
1968,166,left wrist,15,0.0808512344956398,-0.3822989761829376,-0.11206021159887314,0.3751170337200165,0.23724676668643951
1969,166,right wrist,16,-0.20155692100524902,-0.07988780736923218,-0.19129490852355957,0.14013993740081787,0.003528774715960026
1970,166,left hip,23,0.09959860146045685,-0.010301110334694386,0.06803001463413239,0.05907326564192772,0.00025895150611177087
1971,166,right hip,24,-0.09779245406389236,0.00030170485842972994,-0.06385443359613419,0.05893703177571297,0.00034708561724983156
1972,166,left knee,25,0.15297260880470276,-0.1615443080663681,-0.029117152094841003,0.03937038779258728,0.0004339136939961463
1973,166,right knee,26,-0.11106278747320175,-0.0875677689909935,-0.1877923309803009,0.052446313202381134,0.00046399759594351053
1974,166,left ankle,27,0.12241901457309723,0.10767442733049393,0.2349388748407364,0.01614169031381607,0.00022887320665176958
1975,166,right ankle,28,-0.16640259325504303,0.3204154968261719,0.1695755124092102,0.026276061311364174,0.00032375610317103565
1976,167,head,0,0.0289309024810791,-0.6269857883453369,-0.2684914767742157,0.9976171851158142,0.9994532465934753
1977,167,left shoulder,11,0.09192506968975067,-0.45575210452079773,-0.04419640079140663,0.9927469491958618,0.9602615833282471
1978,167,right_shoulder,12,-0.17027275264263153,-0.4359709322452545,-0.18401804566383362,0.9941785335540771,0.989492654800415
1979,167,left elbow,13,0.0907411128282547,-0.31829196214675903,-0.00720559386536479,0.23410695791244507,0.04743693396449089
1980,167,right elbow,14,-0.24327300488948822,-0.2208838015794754,-0.1645781397819519,0.5556529760360718,0.022301821038126945
1981,167,left wrist,15,0.0978134274482727,-0.363118439912796,-0.1110978052020073,0.3734438419342041,0.13890990614891052
1982,167,right wrist,16,-0.2091689556837082,-0.08502846956253052,-0.1876537948846817,0.13133414089679718,0.001972606172785163
1983,167,left hip,23,0.0995074212551117,-0.0099916011095047,0.06770426779985428,0.053227219730615616,0.0001387896918458864
1984,167,right hip,24,-0.09776213765144348,-8.306703966809437e-05,-0.06356044858694077,0.053129278123378754,0.0001846913801273331
1985,167,left knee,25,0.15228800475597382,-0.13850317895412445,-0.019096681848168373,0.03655107691884041,0.00023967339075170457
1986,167,right knee,26,-0.1116204708814621,-0.06085357069969177,-0.1633288711309433,0.05045149102807045,0.00026739484746940434
1987,167,left ankle,27,0.1181657463312149,0.1250896006822586,0.23468174040317535,0.014851897023618221,0.0001607231970410794
1988,167,right ankle,28,-0.16811871528625488,0.3222975432872772,0.1825479120016098,0.024501120671629906,0.0001992788747884333
1989,168,head,0,0.03383466228842735,-0.6268419623374939,-0.2683759033679962,0.9978307485580444,0.9997724890708923
1990,168,left shoulder,11,0.09112794697284698,-0.45724549889564514,-0.04042087867856026,0.992513120174408,0.976662278175354
1991,168,right_shoulder,12,-0.1702045351266861,-0.43761441111564636,-0.1835598200559616,0.9945086240768433,0.9936274290084839
1992,168,left elbow,13,0.08983007073402405,-0.31166791915893555,0.0014643811155110598,0.21987618505954742,0.0745772272348404
1993,168,right elbow,14,-0.24309173226356506,-0.2233964055776596,-0.1674884557723999,0.567767858505249,0.04150000214576721
1994,168,left wrist,15,0.09991711378097534,-0.3046461343765259,-0.10006619244813919,0.3572573661804199,0.1321944147348404
1995,168,right wrist,16,-0.2141244262456894,-0.08525578677654266,-0.19078904390335083,0.12625940144062042,0.0038577469531446695
1996,168,left hip,23,0.0988430604338646,-0.010026184841990471,0.06787335127592087,0.04800775647163391,0.00020782442879863083
1997,168,right hip,24,-0.09737084805965424,-4.8598954890621826e-05,-0.06384499371051788,0.047980695962905884,0.00026084439014084637
1998,168,left knee,25,0.15104424953460693,-0.11998961120843887,0.011265485547482967,0.03388458862900734,0.0003838898555841297
1999,168,right knee,26,-0.10814955830574036,-0.023626193404197693,-0.16442453861236572,0.05057528242468834,0.0004702567821368575
2000,168,left ankle,27,0.1143518015742302,0.14485155045986176,0.24334509670734406,0.013611157424747944,0.00020273900008760393
2001,168,right ankle,28,-0.17023581266403198,0.3436740040779114,0.16712310910224915,0.02334759198129177,0.00032424877281300724
2002,169,head,0,0.03307788446545601,-0.6258941888809204,-0.2681446969509125,0.9980201125144958,0.9997652173042297
2003,169,left shoulder,11,0.09035616368055344,-0.4578908085823059,-0.04069468006491661,0.9923208951950073,0.9779853820800781
2004,169,right_shoulder,12,-0.17130957543849945,-0.4375879466533661,-0.18314611911773682,0.9947791695594788,0.9931564927101135
2005,169,left elbow,13,0.09219508618116379,-0.30479058623313904,0.0013971038861200213,0.20622240006923676,0.058472584933042526
2006,169,right elbow,14,-0.24663591384887695,-0.22618503868579865,-0.17108333110809326,0.5744495987892151,0.031191036105155945
2007,169,left wrist,15,0.10187821090221405,-0.2700466215610504,-0.10326246172189713,0.3379330039024353,0.07677692174911499
2008,169,right wrist,16,-0.2215760499238968,-0.08685944974422455,-0.20968200266361237,0.12036975473165512,0.002641471801325679
2009,169,left hip,23,0.09821365028619766,-0.010845281183719635,0.06756344437599182,0.043271660804748535,0.0001217624158016406
2010,169,right hip,24,-0.09690923988819122,0.0006858145352452993,-0.0635443702340126,0.04327761009335518,0.00015790427278261632
2011,169,left knee,25,0.14605708420276642,-0.12155552208423615,0.0066118305549025536,0.03116864338517189,0.0002096434764098376
2012,169,right knee,26,-0.1086626946926117,-0.010522900149226189,-0.1587243676185608,0.04821595177054405,0.00025368359638378024
2013,169,left ankle,27,0.11335902661085129,0.1479112207889557,0.24316325783729553,0.012474112212657928,0.0001360764290438965
2014,169,right ankle,28,-0.17398865520954132,0.3531322777271271,0.16704198718070984,0.02183166705071926,0.0002217956498498097
2015,170,head,0,0.03255390748381615,-0.6254509091377258,-0.2675052285194397,0.9982016086578369,0.9998669624328613
2016,170,left shoulder,11,0.09037237614393234,-0.45801910758018494,-0.0349472314119339,0.9915868043899536,0.9757127165794373
2017,170,right_shoulder,12,-0.16649793088436127,-0.44136443734169006,-0.17109200358390808,0.9947658181190491,0.9913302659988403
2018,170,left elbow,13,0.09389965236186981,-0.30809929966926575,0.00046882027527317405,0.19855913519859314,0.12094331532716751
2019,170,right elbow,14,-0.2450859248638153,-0.22944757342338562,-0.16282550990581512,0.5764738321304321,0.04517601430416107
2020,170,left wrist,15,0.10205725580453873,-0.34379103779792786,-0.11438646912574768,0.3461773693561554,0.3281574249267578
2021,170,right wrist,16,-0.22039249539375305,-0.09623543918132782,-0.2058669477701187,0.11529569327831268,0.004167201928794384
2022,170,left hip,23,0.09666462987661362,-0.01075931079685688,0.06741956621408463,0.039140619337558746,0.0004977408098056912
2023,170,right hip,24,-0.09540008008480072,0.0005824926192872226,-0.063419409096241,0.03917815163731575,0.0005732114077545702
2024,170,left knee,25,0.14575059711933136,-0.12211135774850845,-0.010592556558549404,0.029496902599930763,0.0006636749021708965
2025,170,right knee,26,-0.10890989750623703,-0.015242119319736958,-0.1492755264043808,0.04807035252451897,0.0006156963063403964
2026,170,left ankle,27,0.10957928746938705,0.14684204757213593,0.22514913976192474,0.011644050478935242,0.0002895948418881744
2027,170,right ankle,28,-0.16393935680389404,0.3525889217853546,0.1733570098876953,0.020891493186354637,0.0003992210840806365
2028,171,head,0,0.0333317406475544,-0.6252709627151489,-0.2653990685939789,0.9983590841293335,0.9998337030410767
2029,171,left shoulder,11,0.0906035453081131,-0.46027472615242004,-0.03261842206120491,0.9909650683403015,0.9670202732086182
2030,171,right_shoulder,12,-0.1662568897008896,-0.4418330788612366,-0.17030781507492065,0.994942843914032,0.9921849370002747
2031,171,left elbow,13,0.09480863809585571,-0.3070300221443176,0.004015459679067135,0.18702638149261475,0.07571011036634445
2032,171,right elbow,14,-0.24410998821258545,-0.2308140993118286,-0.16433842480182648,0.5847588777542114,0.046010423451662064
2033,171,left wrist,15,0.10783017426729202,-0.30151304602622986,-0.11066021025180817,0.3324131965637207,0.12005890905857086
2034,171,right wrist,16,-0.2196291834115982,-0.09623643755912781,-0.21501439809799194,0.11401533335447311,0.005404920782893896
2035,171,left hip,23,0.09577969461679459,-0.01100044697523117,0.0672113448381424,0.035353317856788635,0.0002437017683405429
2036,171,right hip,24,-0.0948239341378212,0.0007385516073554754,-0.0632651075720787,0.03545781224966049,0.00032025459222495556
2037,171,left knee,25,0.14438985288143158,-0.10639116913080215,-5.882472396478988e-05,0.02732187509536743,0.00031863045296631753
2038,171,right knee,26,-0.1089487373828888,0.015916382893919945,-0.14394596219062805,0.04753264784812927,0.00047179459943436086
2039,171,left ankle,27,0.10629859566688538,0.162459596991539,0.2276460826396942,0.010730018839240074,0.00020831961592193693
2040,171,right ankle,28,-0.1709773689508438,0.3676719069480896,0.15829306840896606,0.020032349973917007,0.00037885908386670053
2041,172,head,0,0.03615546599030495,-0.6268463134765625,-0.25042960047721863,0.9985074996948242,0.9998974800109863
2042,172,left shoulder,11,0.1002923846244812,-0.45611873269081116,-0.03209865093231201,0.9915291666984558,0.995087206363678
2043,172,right_shoulder,12,-0.1663641631603241,-0.44172874093055725,-0.17053265869617462,0.9953234195709229,0.9982307553291321
2044,172,left elbow,13,0.09575702995061874,-0.2516283690929413,0.003583756508305669,0.1775054931640625,0.03565409779548645
2045,172,right elbow,14,-0.24838030338287354,-0.2382691651582718,-0.1720908284187317,0.5960488319396973,0.033813901245594025
2046,172,left wrist,15,0.1290535032749176,-0.13346420228481293,-0.12931451201438904,0.3054271936416626,0.010665745474398136
2047,172,right wrist,16,-0.2205120325088501,-0.10320625454187393,-0.270486980676651,0.11334772408008575,0.00319952261634171
2048,172,left hip,23,0.09857232868671417,-0.011422711424529552,0.06558641046285629,0.03188816085457802,7.383948832284659e-05
2049,172,right hip,24,-0.09719108790159225,0.0012119434541091323,-0.06183817237615585,0.03201669082045555,0.00010143987310584635
2050,172,left knee,25,0.13605201244354248,-0.13896611332893372,-0.003371047554537654,0.025718554854393005,0.00011857735080411658
2051,172,right knee,26,-0.10818106681108475,0.001228666165843606,-0.15960049629211426,0.04720154404640198,0.00014814214955549687
2052,172,left ankle,27,0.11694840341806412,0.1349601298570633,0.2554912865161896,0.009964510798454285,7.21459073247388e-05
2053,172,right ankle,28,-0.17058256268501282,0.37192147970199585,0.1837223470211029,0.01926630735397339,9.827055328059942e-05
2054,173,head,0,0.03479263186454773,-0.626639723777771,-0.24942855536937714,0.998640239238739,0.9998855590820312
2055,173,left shoulder,11,0.11318626254796982,-0.4515954256057739,-0.04300209879875183,0.9921054244041443,0.9946078062057495
2056,173,right_shoulder,12,-0.1678769886493683,-0.43780753016471863,-0.17060504853725433,0.9956911206245422,0.9984328150749207
2057,173,left elbow,13,0.09809962660074234,-0.24444368481636047,-0.019732538610696793,0.16857995092868805,0.01739957556128502
2058,173,right elbow,14,-0.2566507160663605,-0.23812828958034515,-0.1740965098142624,0.5959920883178711,0.01894465461373329
2059,173,left wrist,15,0.13149678707122803,-0.1410396546125412,-0.16568982601165771,0.2792907953262329,0.004403889179229736
2060,173,right wrist,16,-0.22520534694194794,-0.10365991294384003,-0.29391685128211975,0.11051177978515625,0.0018464731983840466
2061,173,left hip,23,0.10243156552314758,-0.012453132309019566,0.058905813843011856,0.028743278235197067,3.7644054827978835e-05
2062,173,right hip,24,-0.10072494298219681,0.0023466157726943493,-0.055418722331523895,0.02887873351573944,5.7164914323948324e-05
2063,173,left knee,25,0.12287914752960205,-0.15270167589187622,-0.02921362780034542,0.023981908336281776,5.008140578866005e-05
2064,173,right knee,26,-0.11168380826711655,-0.005865334998816252,-0.1597980260848999,0.04468294605612755,5.913687709835358e-05
2065,173,left ankle,27,0.12183011323213577,0.1203235387802124,0.25685232877731323,0.009316823445260525,3.562046549632214e-05
2066,173,right ankle,28,-0.17300255596637726,0.3732817769050598,0.21319763362407684,0.018160296604037285,5.303798752720468e-05
2067,174,head,0,0.031119275838136673,-0.6258721351623535,-0.25749462842941284,0.9987266063690186,0.9994632601737976
2068,174,left shoulder,11,0.11225525289773941,-0.4518265724182129,-0.05647436901926994,0.9921643137931824,0.9787640571594238
2069,174,right_shoulder,12,-0.169514998793602,-0.43793684244155884,-0.16803012788295746,0.9958676695823669,0.9938772320747375
2070,174,left elbow,13,0.09963910281658173,-0.25235068798065186,-0.035199783742427826,0.16682592034339905,0.04037625342607498
2071,174,right elbow,14,-0.25738945603370667,-0.23798763751983643,-0.1723230481147766,0.6009395122528076,0.029708778485655785
2072,174,left wrist,15,0.12729434669017792,-0.163524329662323,-0.16504664719104767,0.2661451995372772,0.03324737027287483
2073,174,right wrist,16,-0.22577020525932312,-0.10440120846033096,-0.2888709604740143,0.10542211681604385,0.0020059156231582165
2074,174,left hip,23,0.1023121178150177,-0.012919396162033081,0.055447954684495926,0.02595788612961769,0.0001348512596450746
2075,174,right hip,24,-0.10062310099601746,0.002910638228058815,-0.05200793221592903,0.026111219078302383,0.00019379990408197045
2076,174,left knee,25,0.12177806347608566,-0.13917085528373718,-0.03669540211558342,0.02269155904650688,0.00013782222231384367
2077,174,right knee,26,-0.11227987706661224,0.007956857793033123,-0.14633901417255402,0.04275056719779968,0.0001800219906726852
2078,174,left ankle,27,0.12205266207456589,0.14089561998844147,0.23619505763053894,0.00879730936139822,8.691429684404284e-05
2079,174,right ankle,28,-0.173039972782135,0.37788504362106323,0.20907536149024963,0.017181051895022392,0.00013794082042295486
2080,175,head,0,0.0316515788435936,-0.6257511377334595,-0.2580213248729706,0.9988283514976501,0.9997387528419495
2081,175,left shoulder,11,0.11428194493055344,-0.4492974579334259,-0.05738110467791557,0.9924686551094055,0.98867267370224
2082,175,right_shoulder,12,-0.16867320239543915,-0.43792101740837097,-0.16883845627307892,0.9960842132568359,0.9960501790046692
2083,175,left elbow,13,0.10167011618614197,-0.24747252464294434,-0.0373312346637249,0.16237597167491913,0.03634106367826462
2084,175,right elbow,14,-0.2555919587612152,-0.23753011226654053,-0.17541946470737457,0.6029860377311707,0.027817485854029655
2085,175,left wrist,15,0.13167963922023773,-0.16386038064956665,-0.16739237308502197,0.2505873143672943,0.02123272605240345
2086,175,right wrist,16,-0.2237536609172821,-0.10218870639801025,-0.2757815420627594,0.10018923878669739,0.0017533779609948397
2087,175,left hip,23,0.10227420181035995,-0.012934841215610504,0.05530494824051857,0.023466579616069794,0.00012141018669353798
2088,175,right hip,24,-0.10057448595762253,0.0029573217034339905,-0.051878705620765686,0.02364894561469555,0.00017412492888979614
2089,175,left knee,25,0.12169647216796875,-0.138054758310318,-0.03750837221741676,0.02167179249227047,0.00016730253992136568
2090,175,right knee,26,-0.1106005311012268,0.0020486104767769575,-0.14710131287574768,0.042026881128549576,0.00021644002117682248
2091,175,left ankle,27,0.12282728403806686,0.14199547469615936,0.2404727190732956,0.00836295448243618,9.447396587347612e-05
2092,175,right ankle,28,-0.17197348177433014,0.37738552689552307,0.21047399938106537,0.016757572069764137,0.00013553952157963067
2093,176,head,0,0.051063697785139084,-0.6256299018859863,-0.2580639719963074,0.9989225268363953,0.9997363686561584
2094,176,left shoulder,11,0.11179665476083755,-0.45186224579811096,-0.04534411430358887,0.9923188090324402,0.9763644337654114
2095,176,right_shoulder,12,-0.16035787761211395,-0.43935996294021606,-0.17155708372592926,0.9961864352226257,0.9927821159362793
2096,176,left elbow,13,0.09405519813299179,-0.25285133719444275,-0.003790194634348154,0.15451616048812866,0.06071322411298752
2097,176,right elbow,14,-0.24207957088947296,-0.23767490684986115,-0.17672836780548096,0.6062895655632019,0.044353242963552475
2098,176,left wrist,15,0.1267690658569336,-0.18111567199230194,-0.10470325499773026,0.2396596223115921,0.04946966841816902
2099,176,right wrist,16,-0.22293168306350708,-0.10045216232538223,-0.2522298991680145,0.09687034785747528,0.002816852880641818
2100,176,left hip,23,0.0994885042309761,-0.012508600950241089,0.05867690220475197,0.021228013560175896,0.000157013040734455
2101,176,right hip,24,-0.09808997064828873,0.002438201569020748,-0.055233124643564224,0.02147207409143448,0.00021923478925600648
2102,176,left knee,25,0.12297043949365616,-0.12291823327541351,-0.019118938595056534,0.02066854014992714,0.0002557556435931474
2103,176,right knee,26,-0.10752354562282562,-0.0025150806177407503,-0.1618005931377411,0.04289130121469498,0.0003785206063184887
2104,176,left ankle,27,0.11914462596178055,0.15375933051109314,0.2447860985994339,0.00793208833783865,0.0001208352405228652
2105,176,right ankle,28,-0.1718543916940689,0.3730427026748657,0.1630990207195282,0.017182016745209694,0.00021424902661237866
2106,177,head,0,0.05161375552415848,-0.6240642070770264,-0.2578950822353363,0.9990167617797852,0.9998875856399536
2107,177,left shoulder,11,0.10701252520084381,-0.45783016085624695,-0.03573993593454361,0.9912697076797485,0.9534041285514832
2108,177,right_shoulder,12,-0.15743467211723328,-0.4409855604171753,-0.17092058062553406,0.9960370063781738,0.9856107234954834
2109,177,left elbow,13,0.09356129914522171,-0.2614278495311737,0.01023966632783413,0.14515167474746704,0.07228577136993408
2110,177,right elbow,14,-0.22625717520713806,-0.23810574412345886,-0.18400980532169342,0.6097272038459778,0.049788426607847214
2111,177,left wrist,15,0.12205246090888977,-0.19054089486598969,-0.08714430034160614,0.22883981466293335,0.07306667417287827
2112,177,right wrist,16,-0.21709391474723816,-0.09939791262149811,-0.2592202425003052,0.09788680821657181,0.005967570934444666
2113,177,left hip,23,0.0962454229593277,-0.012550869956612587,0.06019644811749458,0.019265610724687576,0.0002052044146694243
2114,177,right hip,24,-0.09559348225593567,0.002411158988252282,-0.05679874122142792,0.019574720412492752,0.00025709124747663736
2115,177,left knee,25,0.12417972087860107,-0.10235805809497833,0.01385345496237278,0.019437385722994804,0.0003103855415247381
2116,177,right knee,26,-0.10689446330070496,0.018104348331689835,-0.15875284373760223,0.0440782830119133,0.0004626787849701941
2117,177,left ankle,27,0.10968785732984543,0.16449864208698273,0.2454647272825241,0.007380873896181583,0.00014227913925424218
2118,177,right ankle,28,-0.17367026209831238,0.3714924156665802,0.1282493621110916,0.01698608323931694,0.0003322509001009166
2119,178,head,0,0.055585604161024094,-0.6242496967315674,-0.2466142177581787,0.9990870952606201,0.9997491240501404
2120,178,left shoulder,11,0.10672399401664734,-0.45753371715545654,-0.026583725586533546,0.9908978343009949,0.9745779037475586
2121,178,right_shoulder,12,-0.15561683475971222,-0.4421158730983734,-0.17094211280345917,0.9959876537322998,0.9904857277870178
2122,178,left elbow,13,0.09130433946847916,-0.26050224900245667,0.00832295510917902,0.13733269274234772,0.054979357868433
2123,178,right elbow,14,-0.22571790218353271,-0.240497425198555,-0.1871258020401001,0.6149771213531494,0.04490688070654869
2124,178,left wrist,15,0.12614013254642487,-0.17042092978954315,-0.09408770501613617,0.21501398086547852,0.0344795323908329
2125,178,right wrist,16,-0.20956489443778992,-0.10296905040740967,-0.2655205726623535,0.09785874933004379,0.00477081211283803
2126,178,left hip,23,0.09625924378633499,-0.012351454235613346,0.06102222949266434,0.017591334879398346,0.0002674598654266447
2127,178,right hip,24,-0.0955859050154686,0.0022741069551557302,-0.05767694488167763,0.018027210608124733,0.00036348088178783655
2128,178,left knee,25,0.13284167647361755,-0.10478674620389938,0.011474790051579475,0.019499799236655235,0.0005360584473237395
2129,178,right knee,26,-0.09125597774982452,0.000334120006300509,-0.17486834526062012,0.05031653866171837,0.0006976656732149422
2130,178,left ankle,27,0.11971734464168549,0.16411146521568298,0.25211986899375916,0.0070845335721969604,0.0002332948351977393
2131,178,right ankle,28,-0.1477622538805008,0.37157633900642395,0.13483837246894836,0.018141141161322594,0.0003909003862645477
2132,179,head,0,0.05527641251683235,-0.6240496635437012,-0.2470068335533142,0.9991626143455505,0.9998968839645386
2133,179,left shoulder,11,0.10908560454845428,-0.456417441368103,-0.027912339195609093,0.9912707805633545,0.9898884892463684
2134,179,right_shoulder,12,-0.1560932993888855,-0.44191139936447144,-0.17114654183387756,0.996192991733551,0.9965583682060242
2135,179,left elbow,13,0.09168148785829544,-0.24337217211723328,0.0030515347607433796,0.1307828724384308,0.03419036045670509
2136,179,right elbow,14,-0.22653760015964508,-0.24042506515979767,-0.18672865629196167,0.6056615710258484,0.02953442372381687
2137,179,left wrist,15,0.12602967023849487,-0.12427692115306854,-0.11567970365285873,0.20124341547489166,0.015965212136507034
2138,179,right wrist,16,-0.2086261659860611,-0.10211483389139175,-0.27447718381881714,0.09538242220878601,0.0031014878768473864
2139,179,left hip,23,0.09742913395166397,-0.012385949492454529,0.06097434088587761,0.015929268673062325,9.764265269041061e-05
2140,179,right hip,24,-0.09660405665636063,0.0023100171238183975,-0.057638198137283325,0.016383590176701546,0.00013404243509285152
2141,179,left knee,25,0.13236643373966217,-0.10636942833662033,0.010975293815135956,0.018456848338246346,0.00015743926633149385
2142,179,right knee,26,-0.09221532195806503,-0.0004837400047108531,-0.17831416428089142,0.04916626960039139,0.00020252782269380987
2143,179,left ankle,27,0.12084833532571793,0.15775787830352783,0.2624991536140442,0.006737512536346912,8.836736378725618e-05
2144,179,right ankle,28,-0.14976857602596283,0.37146997451782227,0.13900789618492126,0.017914850264787674,0.00014690804528072476
2145,180,head,0,0.04322925955057144,-0.6226658225059509,-0.2481842339038849,0.9992230534553528,0.999815046787262
2146,180,left shoulder,11,0.10930635035037994,-0.4558676779270172,-0.0351753905415535,0.9915089011192322,0.9849326014518738
2147,180,right_shoulder,12,-0.16302581131458282,-0.44047385454177856,-0.16919435560703278,0.996365487575531,0.9956668615341187
2148,180,left elbow,13,0.09505315870046616,-0.24683518707752228,-0.011139130219817162,0.12643244862556458,0.037052884697914124
2149,180,right elbow,14,-0.23793552815914154,-0.23887847363948822,-0.18426325917243958,0.6115466356277466,0.03673470765352249
2150,180,left wrist,15,0.13049237430095673,-0.14065766334533691,-0.1365622878074646,0.18672560155391693,0.013627064414322376
2151,180,right wrist,16,-0.2169121652841568,-0.09768601506948471,-0.27147698402404785,0.09198345243930817,0.0024963156320154667
2152,180,left hip,23,0.09771855920553207,-0.013843578286468983,0.05940286070108414,0.014441430568695068,0.00011078946408815682
2153,180,right hip,24,-0.09693469852209091,0.003585025668144226,-0.05611042678356171,0.01491065789014101,0.00016634399071335793
2154,180,left knee,25,0.12962941825389862,-0.1176336407661438,0.004823549184948206,0.01756664738059044,0.00015097555296961218
2155,180,right knee,26,-0.09349911659955978,0.01279541477560997,-0.1724485605955124,0.04789431393146515,0.000244540860876441
2156,180,left ankle,27,0.12971231341362,0.15488995611667633,0.2582331895828247,0.00641667190939188,8.591941877966747e-05
2157,180,right ankle,28,-0.15163923799991608,0.3777853846549988,0.14911866188049316,0.01731347292661667,0.00017389065760653466
2158,181,head,0,0.041077010333538055,-0.6220510601997375,-0.2485799938440323,0.9992783069610596,0.9998076558113098
2159,181,left shoulder,11,0.10912217944860458,-0.4560201168060303,-0.03644096106290817,0.9917848110198975,0.9857107996940613
2160,181,right_shoulder,12,-0.16356438398361206,-0.4389932453632355,-0.1675076186656952,0.9965047836303711,0.9949933886528015
2161,181,left elbow,13,0.0952882468700409,-0.24809493124485016,-0.011234407313168049,0.1236351728439331,0.04084666073322296
2162,181,right elbow,14,-0.23886580765247345,-0.23734870553016663,-0.18174231052398682,0.6110999584197998,0.033663928508758545
2163,181,left wrist,15,0.1299998015165329,-0.15322314202785492,-0.13626976311206818,0.1774022877216339,0.020175419747829437
2164,181,right wrist,16,-0.2191796451807022,-0.09772515296936035,-0.26978734135627747,0.09044487029314041,0.002943505300208926
2165,181,left hip,23,0.09782933443784714,-0.014295527711510658,0.058917053043842316,0.013104853220283985,0.00011153177911182866
2166,181,right hip,24,-0.09699414670467377,0.004038084764033556,-0.05560721084475517,0.013594296760857105,0.0001582079567015171
2167,181,left knee,25,0.1296408623456955,-0.12337847799062729,-0.00892032589763403,0.016742965206503868,0.00014242003089748323
2168,181,right knee,26,-0.0938335582613945,0.009468941949307919,-0.17339669167995453,0.046886589378118515,0.00019834432168863714
2169,181,left ankle,27,0.13134713470935822,0.15020102262496948,0.2576831877231598,0.006131682079285383,7.956747867865488e-05
2170,181,right ankle,28,-0.1529456079006195,0.3770844340324402,0.15033136308193207,0.017058610916137695,0.00015108213119674474
