,frame,part,part_idx,x,y,z
0,0,wrist,0,0.06480944901704788,0.002164565958082676,0.07176432758569717
1,0,thumb_tip,4,-0.04398086667060852,0.048673372715711594,0.01074946578592062
2,0,index_finger_tip,8,-0.023345578461885452,0.05280879884958267,0.04190947115421295
3,0,middle_finger_tip,12,-0.009601283818483353,0.05178140103816986,0.039558470249176025
4,0,ring_finger_tip,16,0.006592201068997383,0.05229627341032028,0.03284510225057602
5,0,pinky_tip,20,0.0150423189625144,0.047622110694646835,0.021683307364583015
6,1,wrist,0,0.06110553443431854,-0.003746387315914035,0.0718938335776329
7,1,thumb_tip,4,-0.03863028809428215,0.050412368029356,0.006046992726624012
8,1,index_finger_tip,8,-0.023176755756139755,0.05015881732106209,0.027704792097210884
9,1,middle_finger_tip,12,-0.01123740617185831,0.05316722393035889,0.03177783638238907
10,1,ring_finger_tip,16,0.0074520413763821125,0.049779634922742844,0.02634633332490921
11,1,pinky_tip,20,0.018525172024965286,0.04204045608639717,0.020903559401631355
12,2,wrist,0,0.05790340527892113,-0.008123097941279411,0.07060118019580841
13,2,thumb_tip,4,-0.03443773463368416,0.04505029693245888,0.007887188345193863
14,2,index_finger_tip,8,-0.01918284222483635,0.046431008726358414,0.03097023442387581
15,2,middle_finger_tip,12,-0.010966874659061432,0.04797162115573883,0.028555413708090782
16,2,ring_finger_tip,16,0.0035576527006924152,0.044023677706718445,0.024185344576835632
17,2,pinky_tip,20,0.014765650033950806,0.03583735227584839,0.016239427030086517
18,3,wrist,0,0.05951318144798279,-0.006871391087770462,0.07111956179141998
19,3,thumb_tip,4,-0.036566369235515594,0.04724380373954773,0.00673007732257247
20,3,index_finger_tip,8,-0.0210101380944252,0.0487503856420517,0.03034336492419243
21,3,middle_finger_tip,12,-0.012622201815247536,0.050825271755456924,0.028208011761307716
22,3,ring_finger_tip,16,0.006216399371623993,0.04820922389626503,0.025296276435256004
23,3,pinky_tip,20,0.017161564901471138,0.04030546918511391,0.016444016247987747
24,4,wrist,0,0.05814309045672417,-0.003967559430748224,0.07378068566322327
25,4,thumb_tip,4,-0.03829456865787506,0.046784136444330215,0.0036976546980440617
26,4,index_finger_tip,8,-0.020845886319875717,0.048587094992399216,0.03871507942676544
27,4,middle_finger_tip,12,-0.01618797890841961,0.052746985107660294,0.03261410444974899
28,4,ring_finger_tip,16,0.004025095142424107,0.051404304802417755,0.029293427243828773
29,4,pinky_tip,20,0.01484180148690939,0.04400783032178879,0.024049552157521248
30,5,wrist,0,0.05546921119093895,-0.005516098812222481,0.07408495247364044
31,5,thumb_tip,4,-0.04005137085914612,0.04797065258026123,0.0037015601992607117
32,5,index_finger_tip,8,-0.024500321596860886,0.05031830444931984,0.03217456862330437
33,5,middle_finger_tip,12,-0.018664054572582245,0.053671944886446,0.029833035543560982
34,5,ring_finger_tip,16,0.0021539076697081327,0.05153118818998337,0.0289097148925066
35,5,pinky_tip,20,0.012812596745789051,0.04363781958818436,0.02343103289604187
36,6,wrist,0,0.0522470697760582,-0.005518367048352957,0.07762277871370316
37,6,thumb_tip,4,-0.03822573274374008,0.04584062844514847,-0.0009001961443573236
38,6,index_finger_tip,8,-0.02388041280210018,0.05007913336157799,0.03194979578256607
39,6,middle_finger_tip,12,-0.018221773207187653,0.05341870337724686,0.030041048303246498
40,6,ring_finger_tip,16,0.00225300551392138,0.050008904188871384,0.031063908711075783
41,6,pinky_tip,20,0.011310005560517311,0.04446239024400711,0.023300571367144585
42,7,wrist,0,0.04929053783416748,-0.00530747277662158,0.0777386799454689
43,7,thumb_tip,4,-0.037640951573848724,0.04098882898688316,-0.002734972396865487
44,7,index_finger_tip,8,-0.023802828043699265,0.049077410250902176,0.03214301913976669
45,7,middle_finger_tip,12,-0.01758134923875332,0.051427312195301056,0.03382309898734093
46,7,ring_finger_tip,16,0.000747492304071784,0.0478055439889431,0.0340297631919384
47,7,pinky_tip,20,0.009529192000627518,0.04282781481742859,0.025691034272313118
48,8,wrist,0,0.050270915031433105,-0.005588493309915066,0.07806889712810516
49,8,thumb_tip,4,-0.03727872669696808,0.041972387582063675,-0.002361430786550045
50,8,index_finger_tip,8,-0.022862853482365608,0.04942445829510689,0.03010462038218975
51,8,middle_finger_tip,12,-0.0161322969943285,0.05259408429265022,0.03319832682609558
52,8,ring_finger_tip,16,0.0014379743952304125,0.04918361082673073,0.0301832165569067
53,8,pinky_tip,20,0.009854990988969803,0.04320867732167244,0.02248375117778778
54,9,wrist,0,0.05379198491573334,-0.0070583634078502655,0.07330967485904694
55,9,thumb_tip,4,-0.037744104862213135,0.04370452091097832,0.0005729968543164432
56,9,index_finger_tip,8,-0.023581411689519882,0.0509866364300251,0.030618689954280853
57,9,middle_finger_tip,12,-0.013093799352645874,0.052810367196798325,0.032431796193122864
58,9,ring_finger_tip,16,0.00328664924018085,0.0483626127243042,0.02825786918401718
59,9,pinky_tip,20,0.01378805935382843,0.04071841016411781,0.022610653191804886
60,10,wrist,0,0.05694809928536415,-0.007547125220298767,0.07392434775829315
61,10,thumb_tip,4,-0.03672362118959427,0.04326236993074417,0.00040241985698230565
62,10,index_finger_tip,8,-0.020606491714715958,0.04858756065368652,0.03149574249982834
63,10,middle_finger_tip,12,-0.015145571902394295,0.0532744824886322,0.028725991025567055
64,10,ring_finger_tip,16,0.001411639153957367,0.048162829130887985,0.024708639830350876
65,10,pinky_tip,20,0.014435971155762672,0.04103550314903259,0.019154448062181473
66,11,wrist,0,0.058534421026706696,-0.006642014719545841,0.07224396616220474
67,11,thumb_tip,4,-0.038745954632759094,0.045414216816425323,0.001703618443571031
68,11,index_finger_tip,8,-0.02139398269355297,0.05002091825008392,0.031742408871650696
69,11,middle_finger_tip,12,-0.015443379990756512,0.053838133811950684,0.028121354058384895
70,11,ring_finger_tip,16,0.002020343905314803,0.05067934840917587,0.024712437763810158
71,11,pinky_tip,20,0.015504345297813416,0.04338550195097923,0.01979280449450016
72,12,wrist,0,0.055540136992931366,-0.003937555477023125,0.07373165339231491
73,12,thumb_tip,4,-0.03840338811278343,0.045758459717035294,-0.000646865286398679
74,12,index_finger_tip,8,-0.02326866425573826,0.04969298467040062,0.03358620032668114
75,12,middle_finger_tip,12,-0.01634754240512848,0.05249670147895813,0.028631065040826797
76,12,ring_finger_tip,16,0.0026049381121993065,0.050658196210861206,0.029699105769395828
77,12,pinky_tip,20,0.012775000184774399,0.04385903477668762,0.022939343005418777
78,13,wrist,0,0.05180196836590767,-0.005122901871800423,0.07648249715566635
79,13,thumb_tip,4,-0.03823169320821762,0.04497794806957245,-0.002095935633406043
80,13,index_finger_tip,8,-0.02317187562584877,0.050088074058294296,0.03285334259271622
81,13,middle_finger_tip,12,-0.01702529937028885,0.05379004776477814,0.029483934864401817
82,13,ring_finger_tip,16,0.00340840732678771,0.04923035204410553,0.030440229922533035
83,13,pinky_tip,20,0.012074087746441364,0.044573113322257996,0.024263806641101837
84,14,wrist,0,0.04995472729206085,-0.005131285637617111,0.0774146094918251
85,14,thumb_tip,4,-0.0385003499686718,0.04437044635415077,-0.0029736128635704517
86,14,index_finger_tip,8,-0.02240869030356407,0.04885176196694374,0.03312795236706734
87,14,middle_finger_tip,12,-0.01570175774395466,0.05240998417139053,0.03145536780357361
88,14,ring_finger_tip,16,0.002412104746326804,0.04874391853809357,0.03284920006990433
89,14,pinky_tip,20,0.011883653700351715,0.045067016035318375,0.024856017902493477
90,15,wrist,0,0.05144756659865379,-0.005522375460714102,0.07767060399055481
91,15,thumb_tip,4,-0.03858737275004387,0.04180952161550522,-0.002544259885326028
92,15,index_finger_tip,8,-0.022249111905694008,0.047870442271232605,0.03256222978234291
93,15,middle_finger_tip,12,-0.015293015167117119,0.04983614757657051,0.032408908009529114
94,15,ring_finger_tip,16,0.0020386693067848682,0.04763389378786087,0.032246287912130356
95,15,pinky_tip,20,0.011467553675174713,0.04394349455833435,0.023832958191633224
96,16,wrist,0,0.05263977125287056,-0.006228477694094181,0.07691583037376404
97,16,thumb_tip,4,-0.03766888380050659,0.03997582942247391,-0.002870266092941165
98,16,index_finger_tip,8,-0.023444250226020813,0.04870572313666344,0.02994885854423046
99,16,middle_finger_tip,12,-0.015744326636195183,0.051201701164245605,0.031532205641269684
100,16,ring_finger_tip,16,0.001839861972257495,0.04785320535302162,0.030091149732470512
101,16,pinky_tip,20,0.010496674105525017,0.04234536737203598,0.02151476964354515
102,17,wrist,0,0.05470309779047966,-0.0072707198560237885,0.07545458525419235
103,17,thumb_tip,4,-0.037460923194885254,0.04185407608747482,3.058146103285253e-05
104,17,index_finger_tip,8,-0.023585230112075806,0.049382876604795456,0.030903682112693787
105,17,middle_finger_tip,12,-0.014861240983009338,0.05196588858962059,0.03169091418385506
106,17,ring_finger_tip,16,0.0025708316825330257,0.04779061675071716,0.027896558865904808
107,17,pinky_tip,20,0.012449052184820175,0.040946539491415024,0.020841650664806366
108,18,wrist,0,0.057903632521629333,-0.007642980664968491,0.07348135858774185
109,18,thumb_tip,4,-0.03793879225850105,0.04449339583516121,0.001141367363743484
110,18,index_finger_tip,8,-0.024063590914011,0.05066962540149689,0.027983790263533592
111,18,middle_finger_tip,12,-0.01531471312046051,0.053380049765110016,0.02780880220234394
112,18,ring_finger_tip,16,0.0026316074654459953,0.04821338504552841,0.025299128144979477
113,18,pinky_tip,20,0.016752179712057114,0.040027130395174026,0.019252920523285866
114,19,wrist,0,0.05939706414937973,-0.0063588256016373634,0.07152877002954483
115,19,thumb_tip,4,-0.0368935689330101,0.04416181519627571,-0.0003674979379866272
116,19,index_finger_tip,8,-0.02276870422065258,0.051059506833553314,0.027949349954724312
117,19,middle_finger_tip,12,-0.016008876264095306,0.05366717278957367,0.02609121985733509
118,19,ring_finger_tip,16,0.002216342370957136,0.05004820600152016,0.02432171255350113
119,19,pinky_tip,20,0.016306402161717415,0.04247915744781494,0.018105171620845795
120,20,wrist,0,0.05598688870668411,-0.004370186943560839,0.07626184076070786
121,20,thumb_tip,4,-0.03721887245774269,0.044238995760679245,-0.0015320377424359322
122,20,index_finger_tip,8,-0.02182959020137787,0.048519719392061234,0.035258933901786804
123,20,middle_finger_tip,12,-0.016213972121477127,0.05112080276012421,0.030513131991028786
124,20,ring_finger_tip,16,0.004351502750068903,0.04754996299743652,0.0304414089769125
125,20,pinky_tip,20,0.01381532009691,0.04238017648458481,0.02266702614724636
126,21,wrist,0,0.051798928529024124,-0.004945424851030111,0.07889613509178162
127,21,thumb_tip,4,-0.03666150942444801,0.04573686420917511,0.0007650625193491578
128,21,index_finger_tip,8,-0.02285626530647278,0.0489991195499897,0.035348229110240936
129,21,middle_finger_tip,12,-0.014406434260308743,0.05174468457698822,0.03385976329445839
130,21,ring_finger_tip,16,0.0035360814072191715,0.04819401726126671,0.033800892531871796
131,21,pinky_tip,20,0.013319594785571098,0.04354295879602432,0.025379909202456474
132,22,wrist,0,0.0529041551053524,-0.004312003031373024,0.07725337147712708
133,22,thumb_tip,4,-0.037083033472299576,0.04360899329185486,-0.0007716497639194131
134,22,index_finger_tip,8,-0.02362857758998871,0.04890142008662224,0.034702032804489136
135,22,middle_finger_tip,12,-0.015730109065771103,0.050059881061315536,0.034791428595781326
136,22,ring_finger_tip,16,0.0016912465216591954,0.04783398658037186,0.03479097783565521
137,22,pinky_tip,20,0.010479236952960491,0.044409725815057755,0.024448607116937637
138,23,wrist,0,0.0517086535692215,-0.006273002363741398,0.07745860517024994
139,23,thumb_tip,4,-0.036654725670814514,0.03983138129115105,-0.0040591564029455185
140,23,index_finger_tip,8,-0.021580057218670845,0.04824719578027725,0.032643966376781464
141,23,middle_finger_tip,12,-0.013384555466473103,0.049872200936079025,0.03369210287928581
142,23,ring_finger_tip,16,0.004410748369991779,0.04768558219075203,0.03268615901470184
143,23,pinky_tip,20,0.01175653375685215,0.04447037726640701,0.023282909765839577
144,24,wrist,0,0.05425715446472168,-0.005415256135165691,0.0764898806810379
145,24,thumb_tip,4,-0.03779614716768265,0.04207458719611168,-0.002764834789559245
146,24,index_finger_tip,8,-0.022712847217917442,0.04956704378128052,0.028438985347747803
147,24,middle_finger_tip,12,-0.01477926317602396,0.052367355674505234,0.03238566592335701
148,24,ring_finger_tip,16,0.0027074036188423634,0.048688896000385284,0.029415559023618698
149,24,pinky_tip,20,0.012223459780216217,0.042540110647678375,0.020614774897694588
150,25,wrist,0,0.05399947240948677,-0.005838650744408369,0.07559403032064438
151,25,thumb_tip,4,-0.03768235072493553,0.044714078307151794,-0.0006465082406066358
152,25,index_finger_tip,8,-0.024563074111938477,0.05096219480037689,0.029673205688595772
153,25,middle_finger_tip,12,-0.014704076573252678,0.05282237380743027,0.03160018473863602
154,25,ring_finger_tip,16,0.002804736839607358,0.047861453145742416,0.02832784131169319
155,25,pinky_tip,20,0.014631339348852634,0.03992978110909462,0.021306829527020454
156,26,wrist,0,0.05735063552856445,-0.006831527687609196,0.0737743154168129
157,26,thumb_tip,4,-0.03655773773789406,0.04716130346059799,0.00047581075341440737
158,26,index_finger_tip,8,-0.023447401821613312,0.050979696214199066,0.029305970296263695
159,26,middle_finger_tip,12,-0.013070723041892052,0.05362193286418915,0.028404995799064636
160,26,ring_finger_tip,16,0.005336591508239508,0.0483153760433197,0.026028135791420937
161,26,pinky_tip,20,0.017433421686291695,0.03965061902999878,0.018196959048509598
162,27,wrist,0,0.05821996182203293,-0.005406622309237719,0.07380039989948273
163,27,thumb_tip,4,-0.0379473939538002,0.04498999938368797,0.0022439444437623024
164,27,index_finger_tip,8,-0.020387964323163033,0.048955731093883514,0.03411269560456276
165,27,middle_finger_tip,12,-0.015551810152828693,0.052059829235076904,0.02813746966421604
166,27,ring_finger_tip,16,0.0027646063826978207,0.04804040119051933,0.02609384059906006
167,27,pinky_tip,20,0.014951599761843681,0.04096570611000061,0.020240046083927155
168,28,wrist,0,0.05961020663380623,-0.003697160165756941,0.07304617017507553
169,28,thumb_tip,4,-0.040525153279304504,0.04759514704346657,0.001196386176161468
170,28,index_finger_tip,8,-0.023731015622615814,0.05137968435883522,0.03722701966762543
171,28,middle_finger_tip,12,-0.016901202499866486,0.05354192107915878,0.03177858144044876
172,28,ring_finger_tip,16,0.003677990287542343,0.05018248409032822,0.02963886968791485
173,28,pinky_tip,20,0.016039304435253143,0.04572374373674393,0.024066733196377754
174,29,wrist,0,0.05335254594683647,-0.004330507945269346,0.07532262802124023
175,29,thumb_tip,4,-0.03834256902337074,0.04597162455320358,0.0011129449121654034
176,29,index_finger_tip,8,-0.02207401767373085,0.04998360201716423,0.03704323247075081
177,29,middle_finger_tip,12,-0.017101088538765907,0.0521978996694088,0.03257666900753975
178,29,ring_finger_tip,16,0.004033050034195185,0.04804949089884758,0.03126544505357742
179,29,pinky_tip,20,0.0138167729601264,0.044467147439718246,0.024792147800326347
180,30,wrist,0,0.050912827253341675,-0.005144899245351553,0.07820568978786469
181,30,thumb_tip,4,-0.039083026349544525,0.045454058796167374,-0.001325463643297553
182,30,index_finger_tip,8,-0.022663703188300133,0.05005790665745735,0.03580064699053764
183,30,middle_finger_tip,12,-0.01481699850410223,0.05153050646185875,0.03456128388643265
184,30,ring_finger_tip,16,0.005072716623544693,0.04748806729912758,0.03426457941532135
185,30,pinky_tip,20,0.012180103920400143,0.04145054891705513,0.025364268571138382
186,31,wrist,0,0.05239403247833252,-0.004264939110726118,0.07759645581245422
187,31,thumb_tip,4,-0.039661526679992676,0.04247690737247467,-0.00394161231815815
188,31,index_finger_tip,8,-0.023517241701483727,0.0488247349858284,0.034308187663555145
189,31,middle_finger_tip,12,-0.016253050416707993,0.05015198141336441,0.034948211163282394
190,31,ring_finger_tip,16,0.002994233975186944,0.04736001044511795,0.0347212553024292
191,31,pinky_tip,20,0.010281907394528389,0.04270487278699875,0.02585260011255741
192,32,wrist,0,0.05067211017012596,-0.005684777162969112,0.07854492217302322
193,32,thumb_tip,4,-0.038053542375564575,0.042598649859428406,-0.004122845362871885
194,32,index_finger_tip,8,-0.0215921588242054,0.04982795938849449,0.0349387601017952
195,32,middle_finger_tip,12,-0.013497513718903065,0.04982229322195053,0.03779250383377075
196,32,ring_finger_tip,16,0.0047838808968663216,0.04593759402632713,0.037402570247650146
197,32,pinky_tip,20,0.009652012027800083,0.0417858362197876,0.025719596073031425
198,33,wrist,0,0.05016956478357315,-0.006694390904158354,0.07773260027170181
199,33,thumb_tip,4,-0.037317488342523575,0.04342234879732132,-0.004528039135038853
200,33,index_finger_tip,8,-0.021575089544057846,0.04943247511982918,0.029919078573584557
201,33,middle_finger_tip,12,-0.01436158549040556,0.05215640366077423,0.033990710973739624
202,33,ring_finger_tip,16,0.003510591806843877,0.04738256335258484,0.031355876475572586
203,33,pinky_tip,20,0.009828216396272182,0.04189903661608696,0.02305421605706215
204,34,wrist,0,0.05419516563415527,-0.007742862217128277,0.0762019231915474
205,34,thumb_tip,4,-0.038863856345415115,0.046117331832647324,-0.0029858530033379793
206,34,index_finger_tip,8,-0.02565135434269905,0.0516386553645134,0.02720046602189541
207,34,middle_finger_tip,12,-0.015550832264125347,0.05588490515947342,0.031655509024858475
208,34,ring_finger_tip,16,0.0017779303016141057,0.051773231476545334,0.028356021270155907
209,34,pinky_tip,20,0.013319224119186401,0.04347778484225273,0.02152889408171177
210,35,wrist,0,0.05449577048420906,-0.004679087549448013,0.07528427988290787
211,35,thumb_tip,4,-0.03902531787753105,0.04523470997810364,-0.0033598795998841524
212,35,index_finger_tip,8,-0.024434057995676994,0.05312512069940567,0.0294402614235878
213,35,middle_finger_tip,12,-0.015040811151266098,0.05494356155395508,0.03049217164516449
214,35,ring_finger_tip,16,0.004174347035586834,0.05050548538565636,0.029499026015400887
215,35,pinky_tip,20,0.014910243451595306,0.04260433465242386,0.02236485481262207
216,36,wrist,0,0.055311169475317,-0.0035267150960862637,0.07526517659425735
217,36,thumb_tip,4,-0.040779292583465576,0.046445999294519424,-0.0029578260146081448
218,36,index_finger_tip,8,-0.02495938539505005,0.05336606875061989,0.03421143814921379
219,36,middle_finger_tip,12,-0.01671673357486725,0.05419085919857025,0.033304791897535324
220,36,ring_finger_tip,16,0.0021045980975031853,0.05112265795469284,0.031015727669000626
221,36,pinky_tip,20,0.013593514449894428,0.04321511834859848,0.02609974518418312
222,37,wrist,0,0.05212968587875366,-0.005022633355110884,0.07517901808023453
223,37,thumb_tip,4,-0.03902316838502884,0.046370480209589005,-0.0022690934129059315
224,37,index_finger_tip,8,-0.02138407528400421,0.053191475570201874,0.034983210265636444
225,37,middle_finger_tip,12,-0.014195249415934086,0.054038453847169876,0.03264234960079193
226,37,ring_finger_tip,16,0.0029556334484368563,0.05095895379781723,0.031814105808734894
227,37,pinky_tip,20,0.014483322389423847,0.04306339845061302,0.025271929800510406
228,38,wrist,0,0.04896372929215431,-0.006718154065310955,0.07863432914018631
229,38,thumb_tip,4,-0.0384526364505291,0.04643462970852852,-0.0024152295663952827
230,38,index_finger_tip,8,-0.02247306890785694,0.05152147635817528,0.03267018496990204
231,38,middle_finger_tip,12,-0.015281219966709614,0.055056072771549225,0.03181472420692444
232,38,ring_finger_tip,16,0.0041236900724470615,0.05046657472848892,0.03246833011507988
233,38,pinky_tip,20,0.01505377795547247,0.040551766753196716,0.02767627313733101
234,39,wrist,0,0.04643949121236801,-0.004128447733819485,0.07998809218406677
235,39,thumb_tip,4,-0.038102343678474426,0.045537929981946945,-0.004236326087266207
236,39,index_finger_tip,8,-0.02128615230321884,0.050610676407814026,0.0353626050055027
237,39,middle_finger_tip,12,-0.014526700600981712,0.051236577332019806,0.03609548509120941
238,39,ring_finger_tip,16,0.006264514289796352,0.0451645664870739,0.03687044233083725
239,39,pinky_tip,20,0.014313561841845512,0.03825119137763977,0.028944477438926697
240,40,wrist,0,0.048169512301683426,-0.005650067701935768,0.08159832656383514
241,40,thumb_tip,4,-0.03808732330799103,0.046249523758888245,-0.0028882664628326893
242,40,index_finger_tip,8,-0.020922662690281868,0.05096103250980377,0.03198062255978584
243,40,middle_finger_tip,12,-0.015785478055477142,0.05422785505652428,0.03452710807323456
244,40,ring_finger_tip,16,0.0035981435794383287,0.048344217240810394,0.03417885676026344
245,40,pinky_tip,20,0.011452354490756989,0.03855341300368309,0.027767855674028397
246,41,wrist,0,0.05228746682405472,-0.008570628240704536,0.07704984396696091
247,41,thumb_tip,4,-0.03418327122926712,0.042495690286159515,-0.0013349369401112199
248,41,index_finger_tip,8,-0.022054437547922134,0.04902057722210884,0.03135265037417412
249,41,middle_finger_tip,12,-0.01496288925409317,0.05262671038508415,0.03199245035648346
250,41,ring_finger_tip,16,0.002778545953333378,0.04835215210914612,0.028721226379275322
251,41,pinky_tip,20,0.014869323000311852,0.04197538271546364,0.024278605356812477
252,42,wrist,0,0.054205119609832764,-0.007983062416315079,0.07614178210496902
253,42,thumb_tip,4,-0.03359902277588844,0.04331788048148155,-0.003456525271758437
254,42,index_finger_tip,8,-0.019700968638062477,0.04956487938761711,0.03041824884712696
255,42,middle_finger_tip,12,-0.012514328584074974,0.05406549572944641,0.02984689362347126
256,42,ring_finger_tip,16,0.005088338628411293,0.04786801338195801,0.028917644172906876
257,42,pinky_tip,20,0.015093082562088966,0.04099839925765991,0.022338392212986946
258,43,wrist,0,0.05548923462629318,-0.008097132667899132,0.07624154537916183
259,43,thumb_tip,4,-0.03648775815963745,0.045688286423683167,-0.0031444281339645386
260,43,index_finger_tip,8,-0.02440756931900978,0.05152956768870354,0.027766527608036995
261,43,middle_finger_tip,12,-0.013885297812521458,0.05497511103749275,0.03049389459192753
262,43,ring_finger_tip,16,0.004039095249027014,0.04925490543246269,0.028261305764317513
263,43,pinky_tip,20,0.015409538522362709,0.04281019791960716,0.020706016570329666
264,44,wrist,0,0.055948369204998016,-0.006214327644556761,0.07464952766895294
265,44,thumb_tip,4,-0.03700637072324753,0.04554598778486252,-0.0023970247711986303
266,44,index_finger_tip,8,-0.02203287184238434,0.050319693982601166,0.034559156745672226
267,44,middle_finger_tip,12,-0.013566466048359871,0.052515383809804916,0.030747076496481895
268,44,ring_finger_tip,16,0.003895442234352231,0.04998360946774483,0.030209757387638092
269,44,pinky_tip,20,0.01470597367733717,0.04314954951405525,0.024356139823794365
270,45,wrist,0,0.05538514256477356,-0.0063272882252931595,0.0748843401670456
271,45,thumb_tip,4,-0.037308480590581894,0.0457594096660614,-0.002857400570064783
272,45,index_finger_tip,8,-0.02361585572361946,0.04894482344388962,0.03654983639717102
273,45,middle_finger_tip,12,-0.01627947948873043,0.05298394709825516,0.03072919137775898
274,45,ring_finger_tip,16,0.0037110073026269674,0.05034131556749344,0.030920125544071198
275,45,pinky_tip,20,0.015112043358385563,0.044390905648469925,0.025343459099531174
276,46,wrist,0,0.051893990486860275,-0.006283921655267477,0.07719321548938751
277,46,thumb_tip,4,-0.0362217091023922,0.04705781862139702,-0.0023532919585704803
278,46,index_finger_tip,8,-0.02251693792641163,0.05065242946147919,0.03479369357228279
279,46,middle_finger_tip,12,-0.014086602255702019,0.05335136502981186,0.032545436173677444
280,46,ring_finger_tip,16,0.0056703342124819756,0.04967628791928291,0.0326504111289978
281,46,pinky_tip,20,0.016313370317220688,0.04405882954597473,0.025687046349048615
282,47,wrist,0,0.05134812369942665,-0.006800460629165173,0.07820027321577072
283,47,thumb_tip,4,-0.037238482385873795,0.04744721204042435,-0.0026092452462762594
284,47,index_finger_tip,8,-0.024393409490585327,0.05176151916384697,0.030803417786955833
285,47,middle_finger_tip,12,-0.016101200133562088,0.054444655776023865,0.03258533403277397
286,47,ring_finger_tip,16,0.005311989225447178,0.04965575039386749,0.03353983908891678
287,47,pinky_tip,20,0.014467326924204826,0.043682392686605453,0.026873592287302017
288,48,wrist,0,0.050836022943258286,-0.007708829361945391,0.07995712757110596
289,48,thumb_tip,4,-0.03847331553697586,0.04682769998908043,-0.004869308788329363
290,48,index_finger_tip,8,-0.02304956689476967,0.05298912897706032,0.03329070284962654
291,48,middle_finger_tip,12,-0.014085193164646626,0.05330014228820801,0.0368785485625267
292,48,ring_finger_tip,16,0.005361202638596296,0.049078188836574554,0.035474151372909546
293,48,pinky_tip,20,0.012720253318548203,0.04157804325222969,0.02723146602511406
294,49,wrist,0,0.0491805225610733,-0.008705521002411842,0.0788334310054779
295,49,thumb_tip,4,-0.03699881583452225,0.045450206845998764,-0.004598147701472044
296,49,index_finger_tip,8,-0.021630484610795975,0.04988563805818558,0.03316069021821022
297,49,middle_finger_tip,12,-0.013648186810314655,0.0528557263314724,0.03469318151473999
298,49,ring_finger_tip,16,0.003907478880137205,0.049023766070604324,0.03431619703769684
299,49,pinky_tip,20,0.011423353105783463,0.04167136177420616,0.025822609663009644
300,50,wrist,0,0.05202043801546097,-0.008187455125153065,0.07940880209207535
301,50,thumb_tip,4,-0.035836219787597656,0.04461841285228729,-0.00656841229647398
302,50,index_finger_tip,8,-0.02223122864961624,0.04894881695508957,0.03035268932580948
303,50,middle_finger_tip,12,-0.015631740912795067,0.054209597408771515,0.03480622544884682
304,50,ring_finger_tip,16,0.0040838392451405525,0.048009078949689865,0.03223123773932457
305,50,pinky_tip,20,0.015164769254624844,0.04486843943595886,0.02569025196135044
306,51,wrist,0,0.05379249155521393,-0.0076977889984846115,0.07686617970466614
307,51,thumb_tip,4,-0.03551321104168892,0.04328196495771408,-0.0041450802236795425
308,51,index_finger_tip,8,-0.023701969534158707,0.048397038131952286,0.028439445421099663
309,51,middle_finger_tip,12,-0.015134362503886223,0.052190572023391724,0.032208073884248734
310,51,ring_finger_tip,16,0.003090240992605686,0.04701772704720497,0.029660949483513832
311,51,pinky_tip,20,0.01497744768857956,0.041589073836803436,0.022653816267848015
312,52,wrist,0,0.05463141202926636,-0.006944820284843445,0.07504729926586151
313,52,thumb_tip,4,-0.03491140156984329,0.04322490096092224,-0.00038026657421141863
314,52,index_finger_tip,8,-0.02343987114727497,0.050516460090875626,0.03032231144607067
315,52,middle_finger_tip,12,-0.014774609357118607,0.05293132737278938,0.031186871230602264
316,52,ring_finger_tip,16,0.0011369651183485985,0.04839088395237923,0.027917176485061646
317,52,pinky_tip,20,0.013055376708507538,0.041935715824365616,0.02070271410048008
318,53,wrist,0,0.0533977635204792,-0.006980242673307657,0.0765276551246643
319,53,thumb_tip,4,-0.03555184230208397,0.043189797550439835,-0.0024645801167935133
320,53,index_finger_tip,8,-0.022713275626301765,0.04995451867580414,0.02937520109117031
321,53,middle_finger_tip,12,-0.015730874612927437,0.05195590481162071,0.03091609477996826
322,53,ring_finger_tip,16,0.0024676197208464146,0.049840740859508514,0.029387855902314186
323,53,pinky_tip,20,0.01439169142395258,0.04237969592213631,0.0232038963586092
324,54,wrist,0,0.05195382237434387,-0.006813231389969587,0.07782156020402908
325,54,thumb_tip,4,-0.037456441670656204,0.04838612303137779,-0.0028049417305737734
326,54,index_finger_tip,8,-0.023613393306732178,0.050413113087415695,0.032598692923784256
327,54,middle_finger_tip,12,-0.017534829676151276,0.0547761507332325,0.03049233928322792
328,54,ring_finger_tip,16,0.004480176139622927,0.05040035769343376,0.03206072002649307
329,54,pinky_tip,20,0.015159588307142258,0.04654666408896446,0.025417938828468323
330,55,wrist,0,0.04665980488061905,-0.006574295461177826,0.08184539526700974
331,55,thumb_tip,4,-0.038443777710199356,0.04605405405163765,-0.004239515867084265
332,55,index_finger_tip,8,-0.023695191368460655,0.05110136792063713,0.03423219174146652
333,55,middle_finger_tip,12,-0.017281096428632736,0.054604846984148026,0.035104572772979736
334,55,ring_finger_tip,16,0.0023863352835178375,0.04972538352012634,0.03596428781747818
335,55,pinky_tip,20,0.01332774106413126,0.04247258976101875,0.0328228622674942
336,56,wrist,0,0.04404935985803604,-0.008302964270114899,0.08272113651037216
337,56,thumb_tip,4,-0.039189450442790985,0.0464731901884079,-0.007712109945714474
338,56,index_finger_tip,8,-0.024806160479784012,0.05228038877248764,0.03302374482154846
339,56,middle_finger_tip,12,-0.016944069415330887,0.05551164597272873,0.038374993950128555
340,56,ring_finger_tip,16,0.002329476410523057,0.05086115747690201,0.0375678725540638
341,56,pinky_tip,20,0.01057602372020483,0.044052768498659134,0.032683614641427994
342,57,wrist,0,0.044844504445791245,-0.006351492367684841,0.08189354836940765
343,57,thumb_tip,4,-0.03678608313202858,0.04345100373029709,-0.008652676828205585
344,57,index_finger_tip,8,-0.020622484385967255,0.049777884036302567,0.035545241087675095
345,57,middle_finger_tip,12,-0.01460377685725689,0.05219658836722374,0.03878221660852432
346,57,ring_finger_tip,16,0.0030456066597253084,0.04898335039615631,0.036542754620313644
347,57,pinky_tip,20,0.010490119457244873,0.04321712628006935,0.030233683064579964
348,58,wrist,0,0.04629035294055939,-0.0033861519768834114,0.0801008865237236
349,58,thumb_tip,4,-0.03825170546770096,0.04415423795580864,-0.007952656596899033
350,58,index_finger_tip,8,-0.02117641270160675,0.05056364834308624,0.03404241427779198
351,58,middle_finger_tip,12,-0.015085849910974503,0.05435698479413986,0.03876710683107376
352,58,ring_finger_tip,16,0.004260489717125893,0.04873064160346985,0.038129497319459915
353,58,pinky_tip,20,0.011431991122663021,0.04382220283150673,0.03060167469084263
354,59,wrist,0,0.047580406069755554,-0.003970703110098839,0.07970687747001648
355,59,thumb_tip,4,-0.03433595225214958,0.04255383834242821,-0.005566400941461325
356,59,index_finger_tip,8,-0.02314857952296734,0.04981442540884018,0.03170681744813919
357,59,middle_finger_tip,12,-0.015203883871436119,0.054128050804138184,0.037327852100133896
358,59,ring_finger_tip,16,0.00144861894659698,0.0503656268119812,0.03612898290157318
359,59,pinky_tip,20,0.010423066094517708,0.04573618248105049,0.029185347259044647
360,60,wrist,0,0.05043265223503113,-0.006509650498628616,0.07532838732004166
361,60,thumb_tip,4,-0.03552712872624397,0.04378390684723854,0.0011160692665725946
362,60,index_finger_tip,8,-0.023156022652983665,0.051296185702085495,0.03509866073727608
363,60,middle_finger_tip,12,-0.015238211490213871,0.055665090680122375,0.03371965512633324
364,60,ring_finger_tip,16,0.0008227546932175756,0.05012413114309311,0.031689029186964035
365,60,pinky_tip,20,0.011853417381644249,0.04483151435852051,0.025593074038624763
366,61,wrist,0,0.05062977597117424,-0.005789405200630426,0.07412466406822205
367,61,thumb_tip,4,-0.03522079437971115,0.04316674917936325,-0.0024783331900835037
368,61,index_finger_tip,8,-0.021483615040779114,0.050090622156858444,0.03124346025288105
369,61,middle_finger_tip,12,-0.012768736109137535,0.05143071338534355,0.030610207468271255
370,61,ring_finger_tip,16,0.0019291257485747337,0.04930569976568222,0.029960408806800842
371,61,pinky_tip,20,0.012073187157511711,0.04327123239636421,0.022477664053440094
372,62,wrist,0,0.0503445602953434,-0.006759917363524437,0.07768765091896057
373,62,thumb_tip,4,-0.035641755908727646,0.044542331248521805,-0.0026865156833082438
374,62,index_finger_tip,8,-0.02336311526596546,0.04983051121234894,0.031369052827358246
375,62,middle_finger_tip,12,-0.015396825037896633,0.05514458939433098,0.03090773895382881
376,62,ring_finger_tip,16,0.003910196013748646,0.05063701793551445,0.03230486065149307
377,62,pinky_tip,20,0.014592215418815613,0.044642411172389984,0.02619989588856697
378,63,wrist,0,0.048725832253694534,-0.007259974256157875,0.08090946823358536
379,63,thumb_tip,4,-0.03906531631946564,0.048366978764534,-0.004620612133294344
380,63,index_finger_tip,8,-0.02623448520898819,0.05185334011912346,0.02936781570315361
381,63,middle_finger_tip,12,-0.01782691851258278,0.05783224105834961,0.03280790150165558
382,63,ring_finger_tip,16,0.004738976713269949,0.0526956208050251,0.03594150394201279
383,63,pinky_tip,20,0.013966676779091358,0.04640974849462509,0.02955678664147854
384,64,wrist,0,0.04706178233027458,-0.007691130042076111,0.08201023191213608
385,64,thumb_tip,4,-0.041564419865608215,0.046924393624067307,-0.00561923161149025
386,64,index_finger_tip,8,-0.025553351268172264,0.052553940564394,0.0331105962395668
387,64,middle_finger_tip,12,-0.016916900873184204,0.05647335201501846,0.037097107619047165
388,64,ring_finger_tip,16,0.0024977775756269693,0.05177702382206917,0.037334948778152466
389,64,pinky_tip,20,0.012771554291248322,0.044906970113515854,0.03206227719783783
390,65,wrist,0,0.04535641148686409,-0.007825687527656555,0.08230257034301758
391,65,thumb_tip,4,-0.039529357105493546,0.046026311814785004,-0.006347333081066608
392,65,index_finger_tip,8,-0.02158566378057003,0.05043062940239906,0.032872170209884644
393,65,middle_finger_tip,12,-0.013949740678071976,0.05392277240753174,0.03852389380335808
394,65,ring_finger_tip,16,0.0033251468557864428,0.05117074400186539,0.03567391261458397
395,65,pinky_tip,20,0.012683475390076637,0.044743020087480545,0.03036651201546192
396,66,wrist,0,0.048030875623226166,-0.006115121301263571,0.08247419446706772
397,66,thumb_tip,4,-0.03681035339832306,0.04430697113275528,-0.006218811497092247
398,66,index_finger_tip,8,-0.022766781970858574,0.05071292817592621,0.03302280232310295
399,66,middle_finger_tip,12,-0.016176633536815643,0.05486088618636131,0.035839151591062546
400,66,ring_finger_tip,16,0.004996340721845627,0.04945727437734604,0.03717465326189995
401,66,pinky_tip,20,0.012143664062023163,0.044847987592220306,0.029923543334007263
402,67,wrist,0,0.04775798320770264,-0.008428351953625679,0.07698220014572144
403,67,thumb_tip,4,-0.031121060252189636,0.04013281688094139,2.423624937364366e-05
404,67,index_finger_tip,8,-0.020005127415060997,0.04877523332834244,0.03220949321985245
405,67,middle_finger_tip,12,-0.01502943690866232,0.05257895216345787,0.035327229648828506
406,67,ring_finger_tip,16,0.002666890388354659,0.0497918464243412,0.032788604497909546
407,67,pinky_tip,20,0.012911327183246613,0.044970110058784485,0.02641298994421959
408,68,wrist,0,0.05074385181069374,-0.008173642680048943,0.07394561171531677
409,68,thumb_tip,4,-0.031675681471824646,0.04071452096104622,-0.0010444881627336144
410,68,index_finger_tip,8,-0.02061670832335949,0.04839077964425087,0.031431589275598526
411,68,middle_finger_tip,12,-0.013341093435883522,0.051033902913331985,0.03317183628678322
412,68,ring_finger_tip,16,0.00225621834397316,0.045859191566705704,0.02813800796866417
413,68,pinky_tip,20,0.01299014687538147,0.040406398475170135,0.022467294707894325
414,69,wrist,0,0.053820572793483734,-0.006888637784868479,0.07447166740894318
415,69,thumb_tip,4,-0.03316079080104828,0.0424608550965786,-0.0010152105242013931
416,69,index_finger_tip,8,-0.02122008241713047,0.04844256490468979,0.03400769084692001
417,69,middle_finger_tip,12,-0.013538220897316933,0.05045368894934654,0.03137455880641937
418,69,ring_finger_tip,16,0.0025168689899146557,0.045937780290842056,0.030482301488518715
419,69,pinky_tip,20,0.014048183336853981,0.03972647711634636,0.02408444508910179
420,70,wrist,0,0.05397547781467438,-0.0059801023453474045,0.07651030272245407
421,70,thumb_tip,4,-0.03395085409283638,0.043214112520217896,-0.0028100907802581787
422,70,index_finger_tip,8,-0.023059284314513206,0.0485786609351635,0.03427496179938316
423,70,middle_finger_tip,12,-0.01563967391848564,0.051336612552404404,0.031200556084513664
424,70,ring_finger_tip,16,0.0029270455706864595,0.04940880462527275,0.03164960816502571
425,70,pinky_tip,20,0.015079841949045658,0.0434904471039772,0.02499791793525219
426,71,wrist,0,0.052598800510168076,-0.00581906083971262,0.07765558362007141
427,71,thumb_tip,4,-0.035853635519742966,0.04562966898083687,-0.0035569043830037117
428,71,index_finger_tip,8,-0.023419730365276337,0.048102252185344696,0.03545001149177551
429,71,middle_finger_tip,12,-0.017505649477243423,0.05424729362130165,0.0321609303355217
430,71,ring_finger_tip,16,0.00486516859382391,0.051601871848106384,0.03282482177019119
431,71,pinky_tip,20,0.01451350562274456,0.04625210165977478,0.025924362242221832
432,72,wrist,0,0.05014534667134285,-0.008729526773095131,0.08050345629453659
433,72,thumb_tip,4,-0.03804280608892441,0.04833340644836426,-0.0013636902440339327
434,72,index_finger_tip,8,-0.022951427847146988,0.0511004813015461,0.03376433253288269
435,72,middle_finger_tip,12,-0.015553437173366547,0.05480404943227768,0.03552982211112976
436,72,ring_finger_tip,16,0.00664836261421442,0.051488082855939865,0.035900551825761795
437,72,pinky_tip,20,0.015432342886924744,0.04399803280830383,0.0302735548466444
438,73,wrist,0,0.049484141170978546,-0.008201543241739273,0.0794227197766304
439,73,thumb_tip,4,-0.03853185847401619,0.045459602028131485,-0.006047745700925589
440,73,index_finger_tip,8,-0.024967268109321594,0.052368029952049255,0.03191298246383667
441,73,middle_finger_tip,12,-0.01710538938641548,0.05650472268462181,0.034152545034885406
442,73,ring_finger_tip,16,0.003033118322491646,0.05013134330511093,0.036536749452352524
443,73,pinky_tip,20,0.011666825041174889,0.04475104436278343,0.029079928994178772
444,74,wrist,0,0.050867803394794464,-0.008673778735101223,0.07953227311372757
445,74,thumb_tip,4,-0.03798597678542137,0.04555033519864082,-0.005006151273846626
446,74,index_finger_tip,8,-0.022719981148838997,0.05105717480182648,0.0324646532535553
447,74,middle_finger_tip,12,-0.013406667858362198,0.05419587716460228,0.03711264207959175
448,74,ring_finger_tip,16,0.00510471360757947,0.05044291913509369,0.035353727638721466
449,74,pinky_tip,20,0.011883597820997238,0.04362896829843521,0.027222925797104836
450,75,wrist,0,0.05217655375599861,-0.008630827069282532,0.07834673672914505
451,75,thumb_tip,4,-0.03581331670284271,0.043550267815589905,-0.005074973218142986
452,75,index_finger_tip,8,-0.021253813058137894,0.049603171646595,0.03106622025370598
453,75,middle_finger_tip,12,-0.014318469911813736,0.053937532007694244,0.034244682639837265
454,75,ring_finger_tip,16,0.0038864891976118088,0.048204634338617325,0.032862428575754166
455,75,pinky_tip,20,0.012419737875461578,0.04378095641732216,0.02643132023513317
456,76,wrist,0,0.053247153759002686,-0.009376335889101028,0.07722141593694687
457,76,thumb_tip,4,-0.03383483737707138,0.04252384230494499,-0.0046443697065114975
458,76,index_finger_tip,8,-0.021918954327702522,0.05010111629962921,0.029598159715533257
459,76,middle_finger_tip,12,-0.014519224874675274,0.05492840334773064,0.033269353210926056
460,76,ring_finger_tip,16,0.004864503629505634,0.04888724535703659,0.03261770308017731
461,76,pinky_tip,20,0.013292964547872543,0.04477551952004433,0.02443075366318226
462,77,wrist,0,0.053315553814172745,-0.006693884264677763,0.07624099403619766
463,77,thumb_tip,4,-0.033126045018434525,0.04046252369880676,-0.0044317347928881645
464,77,index_finger_tip,8,-0.01783115044236183,0.0478067509829998,0.03140576183795929
465,77,middle_finger_tip,12,-0.013051874935626984,0.05089240148663521,0.030971305444836617
466,77,ring_finger_tip,16,0.006092079449445009,0.048347752541303635,0.030480865389108658
467,77,pinky_tip,20,0.014746432192623615,0.04396439716219902,0.023645425215363503
468,78,wrist,0,0.054428745061159134,-0.007980523630976677,0.07735191285610199
469,78,thumb_tip,4,-0.0351048968732357,0.045062173157930374,-0.002156144008040428
470,78,index_finger_tip,8,-0.02503213658928871,0.04945671930909157,0.030885007232427597
471,78,middle_finger_tip,12,-0.018021412193775177,0.05393340066075325,0.03021187335252762
472,78,ring_finger_tip,16,0.0018994032870978117,0.05236698314547539,0.030432995408773422
473,78,pinky_tip,20,0.013962876051664352,0.04331390932202339,0.025392036885023117
474,79,wrist,0,0.05313658341765404,-0.008258732035756111,0.07631874829530716
475,79,thumb_tip,4,-0.03675369173288345,0.048131465911865234,-0.001062928233295679
476,79,index_finger_tip,8,-0.022540327161550522,0.050883304327726364,0.03417445346713066
477,79,middle_finger_tip,12,-0.016015905886888504,0.05587467551231384,0.03224440664052963
478,79,ring_finger_tip,16,0.006804182659834623,0.05182136222720146,0.03228934854269028
479,79,pinky_tip,20,0.016850261017680168,0.044318679720163345,0.027282003313302994
480,80,wrist,0,0.04913337901234627,-0.00822711642831564,0.08134306222200394
481,80,thumb_tip,4,-0.03849569708108902,0.04826052114367485,-0.005171513184905052
482,80,index_finger_tip,8,-0.02346503548324108,0.05104292184114456,0.03393752872943878
483,80,middle_finger_tip,12,-0.01702922210097313,0.055830348283052444,0.03468797728419304
484,80,ring_finger_tip,16,0.00628386065363884,0.0483994334936142,0.03689185902476311
485,80,pinky_tip,20,0.014066623523831367,0.041203998029232025,0.031683944165706635
486,81,wrist,0,0.04689425975084305,-0.009086682461202145,0.08277565985918045
487,81,thumb_tip,4,-0.03939499706029892,0.047846801578998566,-0.004774683620780706
488,81,index_finger_tip,8,-0.024634461849927902,0.05219049006700516,0.037326544523239136
489,81,middle_finger_tip,12,-0.01662721112370491,0.05521140620112419,0.039513394236564636
490,81,ring_finger_tip,16,0.0031478169839829206,0.04993129521608353,0.04073518142104149
491,81,pinky_tip,20,0.013204121962189674,0.04198906570672989,0.034349702298641205
492,82,wrist,0,0.0487629733979702,-0.007754705846309662,0.08113598823547363
493,82,thumb_tip,4,-0.03817912936210632,0.045139241963624954,-0.0065284124575555325
494,82,index_finger_tip,8,-0.021927455440163612,0.05082661658525467,0.03596417233347893
495,82,middle_finger_tip,12,-0.01587783545255661,0.05382503569126129,0.038482993841171265
496,82,ring_finger_tip,16,0.0027552812825888395,0.04750750958919525,0.036161016672849655
497,82,pinky_tip,20,0.011341109871864319,0.04215886443853378,0.02993829734623432
498,83,wrist,0,0.046375732868909836,-0.00550855090841651,0.08212617039680481
499,83,thumb_tip,4,-0.0339730829000473,0.04030773043632507,-0.006665846798568964
500,83,index_finger_tip,8,-0.020293135195970535,0.04930577054619789,0.03173712641000748
501,83,middle_finger_tip,12,-0.015744274482131004,0.05366821587085724,0.03477254882454872
502,83,ring_finger_tip,16,0.002061922335997224,0.04825434461236,0.03449678793549538
503,83,pinky_tip,20,0.009327851235866547,0.04132780805230141,0.027206629514694214
504,84,wrist,0,0.04834781959652901,-0.006565013434737921,0.07808680087327957
505,84,thumb_tip,4,-0.03522929549217224,0.04362786188721657,-0.0023213871754705906
506,84,index_finger_tip,8,-0.022570939734578133,0.05166755989193916,0.03093869425356388
507,84,middle_finger_tip,12,-0.015467900782823563,0.05478504300117493,0.03441321849822998
508,84,ring_finger_tip,16,0.000994318164885044,0.05093839764595032,0.03125821053981781
509,84,pinky_tip,20,0.00977072399109602,0.04244076460599899,0.024341480806469917
510,85,wrist,0,0.05315154045820236,-0.006922289729118347,0.0770692527294159
511,85,thumb_tip,4,-0.03648179769515991,0.04615320637822151,-0.00259798183105886
512,85,index_finger_tip,8,-0.02362603321671486,0.05197370424866676,0.029939569532871246
513,85,middle_finger_tip,12,-0.013639595359563828,0.053512219339609146,0.03308602422475815
514,85,ring_finger_tip,16,0.0025171409361064434,0.051865916699171066,0.031283631920814514
515,85,pinky_tip,20,0.012341484427452087,0.04037749767303467,0.02515697292983532
516,86,wrist,0,0.050217077136039734,-0.006911199074238539,0.07886413484811783
517,86,thumb_tip,4,-0.036120105534791946,0.04606839269399643,-0.005930045153945684
518,86,index_finger_tip,8,-0.022268619388341904,0.051779601722955704,0.032263658940792084
519,86,middle_finger_tip,12,-0.013151807710528374,0.0552564300596714,0.03357918933033943
520,86,ring_finger_tip,16,0.0032390584237873554,0.05205152928829193,0.0335586778819561
521,86,pinky_tip,20,0.012461136095225811,0.043847937136888504,0.027655145153403282
522,87,wrist,0,0.04779761657118797,-0.009755993261933327,0.0812968909740448
523,87,thumb_tip,4,-0.033286646008491516,0.046915408223867416,-0.0014380632201209664
524,87,index_finger_tip,8,-0.01998280920088291,0.049390215426683426,0.032655585557222366
525,87,middle_finger_tip,12,-0.012542291544377804,0.055129747837781906,0.034772440791130066
526,87,ring_finger_tip,16,0.005097420420497656,0.05132260546088219,0.03433800861239433
527,87,pinky_tip,20,0.016159983351826668,0.040198151022195816,0.029496755450963974
528,88,wrist,0,0.04768286645412445,-0.010800139978528023,0.08392580598592758
529,88,thumb_tip,4,-0.039081670343875885,0.04797133430838585,-0.005050175823271275
530,88,index_finger_tip,8,-0.022982127964496613,0.053758688271045685,0.035786304622888565
531,88,middle_finger_tip,12,-0.012432467192411423,0.055816650390625,0.039499469101428986
532,88,ring_finger_tip,16,0.006988964043557644,0.050783075392246246,0.041327934712171555
533,88,pinky_tip,20,0.014508815482258797,0.044947508722543716,0.03505990654230118
534,89,wrist,0,0.047651682049036026,-0.008481355383992195,0.08049029856920242
535,89,thumb_tip,4,-0.04177975654602051,0.048755377531051636,-0.00552351213991642
536,89,index_finger_tip,8,-0.02556397020816803,0.05449982360005379,0.03521488234400749
537,89,middle_finger_tip,12,-0.017949223518371582,0.0568036250770092,0.03578691557049751
538,89,ring_finger_tip,16,0.0017272355034947395,0.051371458917856216,0.03697235882282257
539,89,pinky_tip,20,0.015299314633011818,0.04378088563680649,0.03342252969741821
540,90,wrist,0,0.04824524372816086,-0.007316481787711382,0.08005941659212112
541,90,thumb_tip,4,-0.04032594710588455,0.046705130487680435,-0.007074858993291855
542,90,index_finger_tip,8,-0.023204423487186432,0.05254007875919342,0.03391618654131889
543,90,middle_finger_tip,12,-0.01591700315475464,0.054574862122535706,0.03577777370810509
544,90,ring_finger_tip,16,0.0035114395432174206,0.05090099573135376,0.03457723930478096
545,90,pinky_tip,20,0.013974431902170181,0.04297974333167076,0.02906137704849243
546,91,wrist,0,0.04748661443591118,-0.008115843869745731,0.08076660335063934
547,91,thumb_tip,4,-0.03718872740864754,0.04330647364258766,-0.0038993950001895428
548,91,index_finger_tip,8,-0.022837098687887192,0.05201089009642601,0.033216048032045364
549,91,middle_finger_tip,12,-0.014414144679903984,0.05442226305603981,0.03777046501636505
550,91,ring_finger_tip,16,0.0038491953164339066,0.050002165138721466,0.03691167011857033
551,91,pinky_tip,20,0.01269412413239479,0.0420943945646286,0.029929446056485176
552,92,wrist,0,0.04810362309217453,-0.007459373213350773,0.07943547517061234
553,92,thumb_tip,4,-0.032486818730831146,0.04145926237106323,-0.005318034905940294
554,92,index_finger_tip,8,-0.018742794170975685,0.049241065979003906,0.030730493366718292
555,92,middle_finger_tip,12,-0.01103466097265482,0.051580760627985,0.03484686091542244
556,92,ring_finger_tip,16,0.006074253469705582,0.047700103372335434,0.03581155836582184
557,92,pinky_tip,20,0.010974830947816372,0.042759258300065994,0.027278456836938858
558,93,wrist,0,0.048681966960430145,-0.006747539155185223,0.07862242311239243
559,93,thumb_tip,4,-0.034413695335388184,0.04342682287096977,-0.004585346672683954
560,93,index_finger_tip,8,-0.02311459556221962,0.05047667771577835,0.030431194230914116
561,93,middle_finger_tip,12,-0.01539845671504736,0.05435243993997574,0.034540850669145584
562,93,ring_finger_tip,16,0.0016358316643163562,0.049683041870594025,0.03484650328755379
563,93,pinky_tip,20,0.01096257846802473,0.042385999113321304,0.02517228201031685
564,94,wrist,0,0.051293130964040756,-0.00858244113624096,0.07855288684368134
565,94,thumb_tip,4,-0.03797712177038193,0.04530888795852661,-0.002760058967396617
566,94,index_finger_tip,8,-0.023289905861020088,0.05111319571733475,0.03119547851383686
567,94,middle_finger_tip,12,-0.015440204180777073,0.054921187460422516,0.03373889997601509
568,94,ring_finger_tip,16,0.0028564915992319584,0.05243223160505295,0.03253211826086044
569,94,pinky_tip,20,0.01318795420229435,0.043796099722385406,0.026754075661301613
570,95,wrist,0,0.05063082277774811,-0.009613228030502796,0.07961934059858322
571,95,thumb_tip,4,-0.03772442787885666,0.048072006553411484,-0.0012450529029592872
572,95,index_finger_tip,8,-0.021213196218013763,0.05060046166181564,0.03362128511071205
573,95,middle_finger_tip,12,-0.015043729916214943,0.0559496209025383,0.033017028123140335
574,95,ring_finger_tip,16,0.005167506169527769,0.053458862006664276,0.03383554518222809
575,95,pinky_tip,20,0.01508423313498497,0.04462510347366333,0.029757633805274963
576,96,wrist,0,0.048212043941020966,-0.009436365216970444,0.08089149743318558
577,96,thumb_tip,4,-0.03999875485897064,0.04751652479171753,-0.003053438849747181
578,96,index_finger_tip,8,-0.023216189816594124,0.05310355871915817,0.03352822735905647
579,96,middle_finger_tip,12,-0.016963262110948563,0.05660746991634369,0.03490814194083214
580,96,ring_finger_tip,16,0.00459950091317296,0.05254153534770012,0.0350026898086071
581,96,pinky_tip,20,0.016016272827982903,0.042363401502370834,0.031875673681497574
582,97,wrist,0,0.04689975827932358,-0.009714245796203613,0.08172383904457092
583,97,thumb_tip,4,-0.04091054946184158,0.04686150699853897,-0.005305408965796232
584,97,index_finger_tip,8,-0.025614213198423386,0.05309801921248436,0.03482995554804802
585,97,middle_finger_tip,12,-0.01556477788835764,0.056222204118967056,0.03705935925245285
586,97,ring_finger_tip,16,0.0032788000535219908,0.052167393267154694,0.03754451498389244
587,97,pinky_tip,20,0.01392306573688984,0.0447809100151062,0.032000694423913956
588,98,wrist,0,0.0471113882958889,-0.006851586047559977,0.08029083162546158
589,98,thumb_tip,4,-0.0392930693924427,0.04474734514951706,-0.006966198328882456
590,98,index_finger_tip,8,-0.02279994636774063,0.05113155022263527,0.03160127252340317
591,98,middle_finger_tip,12,-0.014025304466485977,0.052281588315963745,0.0355091355741024
592,98,ring_finger_tip,16,0.003180223982781172,0.050806041806936264,0.03334395959973335
593,98,pinky_tip,20,0.012684201821684837,0.042210374027490616,0.028062952682375908
594,99,wrist,0,0.04906872659921646,-0.00653744675219059,0.08128809928894043
595,99,thumb_tip,4,-0.03610306233167648,0.044234562665224075,-0.008571937680244446
596,99,index_finger_tip,8,-0.02220384031534195,0.05078266188502312,0.03382173553109169
597,99,middle_finger_tip,12,-0.014983857981860638,0.05351405218243599,0.03572811186313629
598,99,ring_finger_tip,16,0.002430048305541277,0.049668289721012115,0.03486710041761398
599,99,pinky_tip,20,0.010749412700533867,0.042366739362478256,0.027961503714323044
600,100,wrist,0,0.04675893113017082,-0.0071196421049535275,0.07982751727104187
601,100,thumb_tip,4,-0.033995285630226135,0.041837386786937714,-0.007124265190213919
602,100,index_finger_tip,8,-0.01976347714662552,0.05105772614479065,0.02896224334836006
603,100,middle_finger_tip,12,-0.013857088051736355,0.055229172110557556,0.03535446524620056
604,100,ring_finger_tip,16,0.0036303112283349037,0.050316449254751205,0.035760655999183655
605,100,pinky_tip,20,0.013093397952616215,0.042418308556079865,0.02969583123922348
606,101,wrist,0,0.046206261962652206,-0.007266284432262182,0.08125351369380951
607,101,thumb_tip,4,-0.03583065792918205,0.04285457730293274,-0.0049743871204555035
608,101,index_finger_tip,8,-0.021418875083327293,0.05093543604016304,0.03172378987073898
609,101,middle_finger_tip,12,-0.013815474696457386,0.05649847537279129,0.03773583099246025
610,101,ring_finger_tip,16,0.00277712126262486,0.05197937786579132,0.03623984381556511
611,101,pinky_tip,20,0.011945541948080063,0.04176289215683937,0.030410706996917725
612,102,wrist,0,0.05095669627189636,-0.006287224590778351,0.07763390243053436
613,102,thumb_tip,4,-0.03807365521788597,0.04945256933569908,-0.0027375223580747843
614,102,index_finger_tip,8,-0.024928482249379158,0.05343689024448395,0.030442707240581512
615,102,middle_finger_tip,12,-0.0158129520714283,0.05843929201364517,0.03374306485056877
616,102,ring_finger_tip,16,0.0018942321185022593,0.05444329231977463,0.032279450446367264
617,102,pinky_tip,20,0.014941553585231304,0.044892817735672,0.028998268768191338
618,103,wrist,0,0.047876495867967606,-0.00906623899936676,0.07987480610609055
619,103,thumb_tip,4,-0.03565645217895508,0.04649525135755539,-0.003924867138266563
620,103,index_finger_tip,8,-0.019707679748535156,0.05011671781539917,0.029780149459838867
621,103,middle_finger_tip,12,-0.012621765024960041,0.05643938109278679,0.03301394730806351
622,103,ring_finger_tip,16,0.004656058270484209,0.05443289130926132,0.032961633056402206
623,103,pinky_tip,20,0.014410410076379776,0.04269244149327278,0.030115466564893723
624,104,wrist,0,0.04836072400212288,-0.008827777579426765,0.08130451291799545
625,104,thumb_tip,4,-0.037686288356781006,0.046304840594530106,-0.005045417230576277
626,104,index_finger_tip,8,-0.022564750164747238,0.05225967988371849,0.03240217640995979
627,104,middle_finger_tip,12,-0.012842992320656776,0.05553724616765976,0.03643910586833954
628,104,ring_finger_tip,16,0.005628212355077267,0.05159931629896164,0.037133365869522095
629,104,pinky_tip,20,0.014347927644848824,0.04511306434869766,0.030873842537403107
630,105,wrist,0,0.045048195868730545,-0.00934402272105217,0.08203034847974777
631,105,thumb_tip,4,-0.03810809552669525,0.046893056482076645,-0.006254367996007204
632,105,index_finger_tip,8,-0.021875852718949318,0.051640886813402176,0.03213048353791237
633,105,middle_finger_tip,12,-0.01288692094385624,0.05572882667183876,0.03688492998480797
634,105,ring_finger_tip,16,0.003525087609887123,0.051108118146657944,0.03831036761403084
635,105,pinky_tip,20,0.012862003408372402,0.04472694918513298,0.033046871423721313
636,106,wrist,0,0.042757950723171234,-0.0076497625559568405,0.08259384334087372
637,106,thumb_tip,4,-0.038900647312402725,0.046446289867162704,-0.005387213081121445
638,106,index_finger_tip,8,-0.02254904806613922,0.05208111181855202,0.03389415889978409
639,106,middle_finger_tip,12,-0.014202278107404709,0.05477236211299896,0.036171186715364456
640,106,ring_finger_tip,16,0.00010543782263994217,0.05258046090602875,0.0358646996319294
641,106,pinky_tip,20,0.013871458359062672,0.04332226887345314,0.03172273188829422
642,107,wrist,0,0.043140918016433716,-0.00964689813554287,0.08165867626667023
643,107,thumb_tip,4,-0.039177920669317245,0.04601846635341644,-0.005576875992119312
644,107,index_finger_tip,8,-0.023337693884968758,0.05281061679124832,0.03170830383896828
645,107,middle_finger_tip,12,-0.013232282362878323,0.05462465062737465,0.03676658496260643
646,107,ring_finger_tip,16,0.0015666810795664787,0.05163722112774849,0.036214832216501236
647,107,pinky_tip,20,0.013945464044809341,0.041129689663648605,0.031229833140969276
648,108,wrist,0,0.04471386596560478,-0.00925908051431179,0.08349470049142838
649,108,thumb_tip,4,-0.03507588058710098,0.04298427700996399,-0.007610894273966551
650,108,index_finger_tip,8,-0.020961888134479523,0.05101223289966583,0.03419389948248863
651,108,middle_finger_tip,12,-0.01290055550634861,0.05298692360520363,0.03914395719766617
652,108,ring_finger_tip,16,0.003019645344465971,0.04817952588200569,0.03667930141091347
653,108,pinky_tip,20,0.013073407113552094,0.04056556150317192,0.03050163760781288
654,109,wrist,0,0.04721192643046379,-0.00682320911437273,0.08213219791650772
655,109,thumb_tip,4,-0.03476541489362717,0.04231397062540054,-0.004917675629258156
656,109,index_finger_tip,8,-0.01954318769276142,0.052239738404750824,0.033840302377939224
657,109,middle_finger_tip,12,-0.012264369055628777,0.054428327828645706,0.03649267181754112
658,109,ring_finger_tip,16,0.0023873290047049522,0.05015172064304352,0.03700096905231476
659,109,pinky_tip,20,0.011840937659144402,0.04333523288369179,0.028638461604714394
660,110,wrist,0,0.049042001366615295,-0.006871690042316914,0.08015583455562592
661,110,thumb_tip,4,-0.037349388003349304,0.04506558179855347,-0.0015312825562432408
662,110,index_finger_tip,8,-0.02091309055685997,0.05167771503329277,0.03319140523672104
663,110,middle_finger_tip,12,-0.01370881125330925,0.05452245473861694,0.03632398322224617
664,110,ring_finger_tip,16,0.002860270906239748,0.052464187145233154,0.03519415855407715
665,110,pinky_tip,20,0.014740923419594765,0.042760469019412994,0.029320301488041878
666,111,wrist,0,0.0514247864484787,-0.00554015813395381,0.07742816209793091
667,111,thumb_tip,4,-0.038208700716495514,0.04464152082800865,-0.004315819591283798
668,111,index_finger_tip,8,-0.022164860740303993,0.05132198706269264,0.03277527913451195
669,111,middle_finger_tip,12,-0.01332838460803032,0.05389896035194397,0.033939845860004425
670,111,ring_finger_tip,16,0.003916703164577484,0.04996103793382645,0.03328315541148186
671,111,pinky_tip,20,0.015530703589320183,0.04406730458140373,0.028190582990646362
672,112,wrist,0,0.04847054183483124,-0.008391125127673149,0.08003271371126175
673,112,thumb_tip,4,-0.034621462225914,0.044318340718746185,-0.0028292792849242687
674,112,index_finger_tip,8,-0.019342919811606407,0.04805595055222511,0.03632430359721184
675,112,middle_finger_tip,12,-0.014249248430132866,0.053161684423685074,0.03645540773868561
676,112,ring_finger_tip,16,0.004784793592989445,0.05134165659546852,0.035076212137937546
677,112,pinky_tip,20,0.015948202461004257,0.03978376463055611,0.031023887917399406
678,113,wrist,0,0.044821370393037796,-0.008983813226222992,0.08348516374826431
679,113,thumb_tip,4,-0.03969460353255272,0.04968233034014702,-0.00589896971359849
680,113,index_finger_tip,8,-0.02220776304602623,0.05101558938622475,0.03512979671359062
681,113,middle_finger_tip,12,-0.015043072402477264,0.05578310042619705,0.037764936685562134
682,113,ring_finger_tip,16,0.004928856622427702,0.05030135437846184,0.03745787963271141
683,113,pinky_tip,20,0.015578409656882286,0.040844276547431946,0.034651804715394974
684,114,wrist,0,0.047967419028282166,-0.008754829876124859,0.08250141143798828
685,114,thumb_tip,4,-0.039144810289144516,0.046542223542928696,-0.003977881744503975
686,114,index_finger_tip,8,-0.024336256086826324,0.050094980746507645,0.03407040983438492
687,114,middle_finger_tip,12,-0.016597874462604523,0.05398061126470566,0.03913945332169533
688,114,ring_finger_tip,16,0.0022313555236905813,0.05002859979867935,0.03789013251662254
689,114,pinky_tip,20,0.01468360424041748,0.044537004083395004,0.030992982909083366
690,115,wrist,0,0.04930511862039566,-0.006413131020963192,0.08028697967529297
691,115,thumb_tip,4,-0.040764592587947845,0.04702194407582283,-0.007667545694857836
692,115,index_finger_tip,8,-0.026019269600510597,0.05467510595917702,0.034113045781850815
693,115,middle_finger_tip,12,-0.01701987348496914,0.05673205479979515,0.03647330030798912
694,115,ring_finger_tip,16,0.0013541216030716896,0.05229690298438072,0.03534088656306267
695,115,pinky_tip,20,0.016162609681487083,0.04366554319858551,0.03134683147072792
696,116,wrist,0,0.04854211211204529,-0.0072186179459095,0.0793607085943222
697,116,thumb_tip,4,-0.03993871808052063,0.045446135103702545,-0.00482403626665473
698,116,index_finger_tip,8,-0.023472679778933525,0.053265973925590515,0.03135179728269577
699,116,middle_finger_tip,12,-0.01521429605782032,0.05524006485939026,0.034612737596035004
700,116,ring_finger_tip,16,0.0010523260571062565,0.05218645930290222,0.03204282373189926
701,116,pinky_tip,20,0.013923641294240952,0.04149124026298523,0.028303055092692375
702,117,wrist,0,0.04653285816311836,-0.007563091814517975,0.08322671055793762
703,117,thumb_tip,4,-0.034028973430395126,0.042198363691568375,-0.007692060433328152
704,117,index_finger_tip,8,-0.02067030593752861,0.04843911901116371,0.03415019437670708
705,117,middle_finger_tip,12,-0.013457344844937325,0.05150681361556053,0.0377417616546154
706,117,ring_finger_tip,16,0.004576313775032759,0.04561999812722206,0.03642229735851288
707,117,pinky_tip,20,0.012863053008913994,0.041627392172813416,0.029812898486852646
708,118,wrist,0,0.04913358390331268,-0.007866080850362778,0.08187667280435562
709,118,thumb_tip,4,-0.03151990845799446,0.040613945573568344,-0.004844981711357832
710,118,index_finger_tip,8,-0.019788721576333046,0.04845866188406944,0.029887303709983826
711,118,middle_finger_tip,12,-0.011927282437682152,0.05261051282286644,0.036486491560935974
712,118,ring_finger_tip,16,0.004858788568526506,0.04841681197285652,0.035420097410678864
713,118,pinky_tip,20,0.014446938410401344,0.04474450647830963,0.028493352234363556
714,119,wrist,0,0.051651641726493835,-0.006849988363683224,0.07964151352643967
715,119,thumb_tip,4,-0.03332272171974182,0.04127231240272522,-0.0012211287394165993
716,119,index_finger_tip,8,-0.020847326144576073,0.048350922763347626,0.033366963267326355
717,119,middle_finger_tip,12,-0.012071763165295124,0.05150957405567169,0.037549201399087906
718,119,ring_finger_tip,16,0.0054533351212739944,0.047812338918447495,0.03663920238614082
719,119,pinky_tip,20,0.013574126176536083,0.04444173723459244,0.02863655984401703
720,120,wrist,0,0.05269541218876839,-0.0071425773203372955,0.07878074049949646
721,120,thumb_tip,4,-0.036465033888816833,0.04361050948500633,-0.0019737815018743277
722,120,index_finger_tip,8,-0.020127350464463234,0.04854059964418411,0.03705466911196709
723,120,middle_finger_tip,12,-0.01137501373887062,0.05185644328594208,0.034480031579732895
724,120,ring_finger_tip,16,0.006883841939270496,0.04909206181764603,0.03251439705491066
725,120,pinky_tip,20,0.015807772055268288,0.04316578060388565,0.026851743459701538
726,121,wrist,0,0.05361298471689224,-0.006972941569983959,0.0772542953491211
727,121,thumb_tip,4,-0.0356803759932518,0.04512142390012741,0.001576086855493486
728,121,index_finger_tip,8,-0.020283173769712448,0.0484980084002018,0.039435625076293945
729,121,middle_finger_tip,12,-0.012528480961918831,0.05153479799628258,0.03701510652899742
730,121,ring_finger_tip,16,0.0067713139578700066,0.04706510528922081,0.03450140729546547
731,121,pinky_tip,20,0.01660793647170067,0.0401436910033226,0.029288124293088913
732,122,wrist,0,0.05142025277018547,-0.0116871427744627,0.07821349799633026
733,122,thumb_tip,4,-0.036178357899188995,0.04661436751484871,-0.0005055058863945305
734,122,index_finger_tip,8,-0.02117021568119526,0.0501120500266552,0.033662259578704834
735,122,middle_finger_tip,12,-0.015265170484781265,0.05402138829231262,0.03404388576745987
736,122,ring_finger_tip,16,0.009247762151062489,0.04741962254047394,0.035259246826171875
737,122,pinky_tip,20,0.018392490223050117,0.04169812053442001,0.030896443873643875
738,123,wrist,0,0.05166921392083168,-0.01034337468445301,0.07720701396465302
739,123,thumb_tip,4,-0.03801565244793892,0.04815930500626564,-0.00038394497823901474
740,123,index_finger_tip,8,-0.020634684711694717,0.05005848780274391,0.034468598663806915
741,123,middle_finger_tip,12,-0.015806574374437332,0.05347268283367157,0.031372472643852234
742,123,ring_finger_tip,16,0.005368229933083057,0.049050696194171906,0.030955033376812935
743,123,pinky_tip,20,0.014027598313987255,0.041141822934150696,0.02705235965549946
744,124,wrist,0,0.04925881326198578,-0.009405008517205715,0.07779954373836517
745,124,thumb_tip,4,-0.03915281966328621,0.04880661144852638,-0.0012925616465508938
746,124,index_finger_tip,8,-0.02168210595846176,0.05266157165169716,0.03495936840772629
747,124,middle_finger_tip,12,-0.015933390706777573,0.05524792522192001,0.03387720137834549
748,124,ring_finger_tip,16,0.004144330974668264,0.048185624182224274,0.03525134548544884
749,124,pinky_tip,20,0.013736872002482414,0.04016907140612602,0.02892110124230385
750,125,wrist,0,0.04970627278089523,-0.009287015534937382,0.07875563949346542
751,125,thumb_tip,4,-0.03931652382016182,0.04535508528351784,-0.003569616936147213
752,125,index_finger_tip,8,-0.021703731268644333,0.05176810920238495,0.034624721854925156
753,125,middle_finger_tip,12,-0.014416739344596863,0.05311518907546997,0.03534211590886116
754,125,ring_finger_tip,16,0.0019066892564296722,0.04776784032583237,0.034045230597257614
755,125,pinky_tip,20,0.009940238669514656,0.04235215112566948,0.02713002823293209
756,126,wrist,0,0.05162215232849121,-0.007657025940716267,0.07749856263399124
757,126,thumb_tip,4,-0.03859200328588486,0.047667037695646286,-0.0019277160754427314
758,126,index_finger_tip,8,-0.02097049355506897,0.051933612674474716,0.03152689337730408
759,126,middle_finger_tip,12,-0.014892649836838245,0.054341480135917664,0.0334206260740757
760,126,ring_finger_tip,16,0.0012571392580866814,0.047554414719343185,0.03032551519572735
761,126,pinky_tip,20,0.01264985091984272,0.039705898612737656,0.025747859850525856
762,127,wrist,0,0.05100224167108536,-0.009463404305279255,0.07934403419494629
763,127,thumb_tip,4,-0.035797711461782455,0.044506676495075226,-0.006028376054018736
764,127,index_finger_tip,8,-0.019674628973007202,0.05105362832546234,0.03061208873987198
765,127,middle_finger_tip,12,-0.012055302038788795,0.05402710288763046,0.03483814746141434
766,127,ring_finger_tip,16,0.007243393454700708,0.04626614600419998,0.03371483087539673
767,127,pinky_tip,20,0.015402212738990784,0.04131963849067688,0.029159270226955414
768,128,wrist,0,0.05064193531870842,-0.007185384631156921,0.07898993790149689
769,128,thumb_tip,4,-0.034729018807411194,0.04221445322036743,-0.003127572126686573
770,128,index_finger_tip,8,-0.02033776417374611,0.04986772686243057,0.03369227796792984
771,128,middle_finger_tip,12,-0.01277025043964386,0.052349332720041275,0.035219550132751465
772,128,ring_finger_tip,16,0.005896405782550573,0.04652765020728111,0.03383396565914154
773,128,pinky_tip,20,0.015161927789449692,0.04024835303425789,0.027891486883163452
774,129,wrist,0,0.052310287952423096,-0.007406360004097223,0.07718019187450409
775,129,thumb_tip,4,-0.03315011411905289,0.044390514492988586,-0.004188707564026117
776,129,index_finger_tip,8,-0.019969087094068527,0.05286640301346779,0.03206868842244148
777,129,middle_finger_tip,12,-0.011057129129767418,0.05323414504528046,0.031815700232982635
778,129,ring_finger_tip,16,0.006824749056249857,0.047293659299612045,0.032188642770051956
779,129,pinky_tip,20,0.01617443934082985,0.04115203022956848,0.02577190473675728
780,130,wrist,0,0.05403468385338783,-0.008354989811778069,0.07690978050231934
781,130,thumb_tip,4,-0.034950803965330124,0.04961708188056946,-0.0025002991314977407
782,130,index_finger_tip,8,-0.018302539363503456,0.05360374599695206,0.038067955523729324
783,130,middle_finger_tip,12,-0.0101902075111866,0.05544881150126457,0.03415071964263916
784,130,ring_finger_tip,16,0.008999315090477467,0.048840343952178955,0.03383803740143776
785,130,pinky_tip,20,0.018415916711091995,0.04311244562268257,0.027478836476802826
786,131,wrist,0,0.05197863653302193,-0.00807224027812481,0.07924032211303711
787,131,thumb_tip,4,-0.037419192492961884,0.050192300230264664,-0.0007103162351995707
788,131,index_finger_tip,8,-0.01720576174557209,0.05184377729892731,0.04026595875620842
789,131,middle_finger_tip,12,-0.012979598715901375,0.05547657236456871,0.03668583184480667
790,131,ring_finger_tip,16,0.008293673396110535,0.049230605363845825,0.035075001418590546
791,131,pinky_tip,20,0.016786320134997368,0.04295462742447853,0.028942802920937538
792,132,wrist,0,0.0502651147544384,-0.005858365446329117,0.07639587670564651
793,132,thumb_tip,4,-0.037417296320199966,0.04554099962115288,-0.002223225077614188
794,132,index_finger_tip,8,-0.018898285925388336,0.04902542382478714,0.0313948355615139
795,132,middle_finger_tip,12,-0.01579422689974308,0.05274851992726326,0.031342655420303345
796,132,ring_finger_tip,16,0.003733174642547965,0.046791695058345795,0.02982596680521965
797,132,pinky_tip,20,0.01391424797475338,0.03974148631095886,0.02570086158812046
798,133,wrist,0,0.05108797922730446,-0.0060853189788758755,0.07683850824832916
799,133,thumb_tip,4,-0.03909391537308693,0.04377660155296326,-0.001622167183086276
800,133,index_finger_tip,8,-0.020658519119024277,0.049826886504888535,0.03325703367590904
801,133,middle_finger_tip,12,-0.01499004103243351,0.05190063267946243,0.03230614215135574
802,133,ring_finger_tip,16,0.003793668933212757,0.04767772927880287,0.031193245202302933
803,133,pinky_tip,20,0.01166625414043665,0.04325792193412781,0.024380382150411606
804,134,wrist,0,0.05019618570804596,-0.004285119473934174,0.07864690572023392
805,134,thumb_tip,4,-0.036802977323532104,0.04017942398786545,-0.005655710119754076
806,134,index_finger_tip,8,-0.01724395900964737,0.04823257774114609,0.02956327423453331
807,134,middle_finger_tip,12,-0.011472221463918686,0.05081804841756821,0.0341794528067112
808,134,ring_finger_tip,16,0.005976392421871424,0.04519234597682953,0.03349170461297035
809,134,pinky_tip,20,0.012278883717954159,0.03991316258907318,0.025073645636439323
810,135,wrist,0,0.04728708416223526,-0.008454689756035805,0.07975204288959503
811,135,thumb_tip,4,-0.03579031303524971,0.042984943836927414,-0.0019532456062734127
812,135,index_finger_tip,8,-0.021586885675787926,0.05039067566394806,0.02981479838490486
813,135,middle_finger_tip,12,-0.013689372688531876,0.05370549112558365,0.03653218224644661
814,135,ring_finger_tip,16,0.006236035842448473,0.04847178980708122,0.035345952957868576
815,135,pinky_tip,20,0.012818808667361736,0.041158683598041534,0.029585599899291992
816,136,wrist,0,0.0499991700053215,-0.006805310025811195,0.07785879075527191
817,136,thumb_tip,4,-0.03308616951107979,0.042593926191329956,-0.004357131198048592
818,136,index_finger_tip,8,-0.01844666711986065,0.05014117807149887,0.031118713319301605
819,136,middle_finger_tip,12,-0.011783679015934467,0.05350266769528389,0.03356073051691055
820,136,ring_finger_tip,16,0.0069921365939080715,0.04755794629454613,0.03265564516186714
821,136,pinky_tip,20,0.016903413459658623,0.040391795337200165,0.02638092264533043
822,137,wrist,0,0.05235714092850685,-0.007037266623228788,0.07728947699069977
823,137,thumb_tip,4,-0.03501023352146149,0.04735129699110985,-0.005323521327227354
824,137,index_finger_tip,8,-0.02035563439130783,0.05231979116797447,0.035693492740392685
825,137,middle_finger_tip,12,-0.0111610759049654,0.05478078871965408,0.03423604369163513
826,137,ring_finger_tip,16,0.0053506819531321526,0.05019276216626167,0.03238321468234062
827,137,pinky_tip,20,0.017012305557727814,0.042508576065301895,0.028369858860969543
828,138,wrist,0,0.05264659598469734,-0.006805800832808018,0.07941938191652298
829,138,thumb_tip,4,-0.03503202274441719,0.04977800324559212,-0.002248029224574566
830,138,index_finger_tip,8,-0.018800482153892517,0.052693821489810944,0.04013501852750778
831,138,middle_finger_tip,12,-0.01322946883738041,0.05691538006067276,0.03824565187096596
832,138,ring_finger_tip,16,0.007171626202762127,0.049558281898498535,0.036714814603328705
833,138,pinky_tip,20,0.01673695258796215,0.042593613266944885,0.03094804845750332
834,139,wrist,0,0.05011694133281708,-0.006150279194116592,0.0754404067993164
835,139,thumb_tip,4,-0.03703431412577629,0.04716791212558746,0.0005669970414601266
836,139,index_finger_tip,8,-0.019288912415504456,0.04967759922146797,0.03410111740231514
837,139,middle_finger_tip,12,-0.014353741891682148,0.05291009694337845,0.034535087645053864
838,139,ring_finger_tip,16,0.005319884046912193,0.04979468137025833,0.032236576080322266
839,139,pinky_tip,20,0.01659339666366577,0.04127104580402374,0.029387380927801132
840,140,wrist,0,0.044587839394807816,-0.00789954699575901,0.0790703222155571
841,140,thumb_tip,4,-0.03761565685272217,0.04738637059926987,-0.003721423912793398
842,140,index_finger_tip,8,-0.022533772513270378,0.049722470343112946,0.02899104729294777
843,140,middle_finger_tip,12,-0.016713609918951988,0.05463780462741852,0.02968100644648075
844,140,ring_finger_tip,16,0.003675723448395729,0.05031055584549904,0.03191004693508148
845,140,pinky_tip,20,0.01645687036216259,0.03894634544849396,0.0303693525493145
846,141,wrist,0,0.041262026876211166,-0.007588974200189114,0.081480011343956
847,141,thumb_tip,4,-0.03858714923262596,0.043317411094903946,-0.005196222569793463
848,141,index_finger_tip,8,-0.02130335010588169,0.049320437014102936,0.031022192910313606
849,141,middle_finger_tip,12,-0.016131781041622162,0.05249863862991333,0.032816082239151
850,141,ring_finger_tip,16,0.004406623542308807,0.047928132116794586,0.03464990481734276
851,141,pinky_tip,20,0.013161076232790947,0.04190271720290184,0.031207047402858734
852,142,wrist,0,0.039639171212911606,-0.003612921107560396,0.07844453305006027
853,142,thumb_tip,4,-0.03847231715917587,0.041336022317409515,-0.005341405980288982
854,142,index_finger_tip,8,-0.021232500672340393,0.050548821687698364,0.034787580370903015
855,142,middle_finger_tip,12,-0.014064408838748932,0.05144444853067398,0.03777242824435234
856,142,ring_finger_tip,16,0.0010545672848820686,0.04707864299416542,0.037333179265260696
857,142,pinky_tip,20,0.009692903608083725,0.040994320064783096,0.03424189239740372
858,143,wrist,0,0.03790728375315666,-0.003658168949186802,0.08243956416845322
859,143,thumb_tip,4,-0.039492495357990265,0.04167763888835907,-0.009574341587722301
860,143,index_finger_tip,8,-0.022869214415550232,0.052480362355709076,0.03459346294403076
861,143,middle_finger_tip,12,-0.015227358788251877,0.05318586155772209,0.03986130654811859
862,143,ring_finger_tip,16,-0.0002249465323984623,0.05001886188983917,0.039349764585494995
863,143,pinky_tip,20,0.009175698272883892,0.04495963454246521,0.03561041131615639
864,144,wrist,0,0.040516845881938934,-0.004564521834254265,0.08333971351385117
865,144,thumb_tip,4,-0.03653028979897499,0.041026726365089417,-0.0068641663528978825
866,144,index_finger_tip,8,-0.0201442651450634,0.051043812185525894,0.035171572118997574
867,144,middle_finger_tip,12,-0.014152990654110909,0.052449241280555725,0.039615850895643234
868,144,ring_finger_tip,16,0.002741036470979452,0.04585105925798416,0.04046035557985306
869,144,pinky_tip,20,0.011347291059792042,0.03939489647746086,0.03360268101096153
870,145,wrist,0,0.044783759862184525,-0.003387118224054575,0.07809986174106598
871,145,thumb_tip,4,-0.03570567071437836,0.04162301868200302,-0.008264221251010895
872,145,index_finger_tip,8,-0.01961895450949669,0.05290653929114342,0.03207314759492874
873,145,middle_finger_tip,12,-0.014553969725966454,0.05432317033410072,0.03700010105967522
874,145,ring_finger_tip,16,0.00020936457440257072,0.049009211361408234,0.03650284931063652
875,145,pinky_tip,20,0.010251437313854694,0.04265744984149933,0.028369992971420288
876,146,wrist,0,0.04693001136183739,-0.004386383108794689,0.07703612744808197
877,146,thumb_tip,4,-0.03479211404919624,0.03948395699262619,-0.007129677105695009
878,146,index_finger_tip,8,-0.019998829811811447,0.05133697763085365,0.03400244563817978
879,146,middle_finger_tip,12,-0.013670040294528008,0.0523877777159214,0.03770348057150841
880,146,ring_finger_tip,16,0.002567251678556204,0.048333317041397095,0.03505192697048187
881,146,pinky_tip,20,0.014779030345380306,0.042668748646974564,0.030721403658390045
882,147,wrist,0,0.04971905052661896,-0.005231223069131374,0.07701084762811661
883,147,thumb_tip,4,-0.037294670939445496,0.04280443117022514,-0.0034335290547460318
884,147,index_finger_tip,8,-0.021134745329618454,0.052078977227211,0.033362746238708496
885,147,middle_finger_tip,12,-0.01486355159431696,0.053178541362285614,0.03781191632151604
886,147,ring_finger_tip,16,0.004707500338554382,0.04862334206700325,0.034983113408088684
887,147,pinky_tip,20,0.015538513660430908,0.04545900970697403,0.030378779396414757
888,148,wrist,0,0.04554101824760437,-0.004720918368548155,0.07714638113975525
889,148,thumb_tip,4,-0.03739472106099129,0.0459185428917408,-0.0050188819877803326
890,148,index_finger_tip,8,-0.019196677953004837,0.05019926652312279,0.03166951239109039
891,148,middle_finger_tip,12,-0.013714026659727097,0.05350029841065407,0.03083910048007965
892,148,ring_finger_tip,16,0.004511661361902952,0.051023609936237335,0.03109661489725113
893,148,pinky_tip,20,0.014050600118935108,0.04088938981294632,0.02934427000582218
894,149,wrist,0,0.043291203677654266,-0.006814272608608007,0.07948573678731918
895,149,thumb_tip,4,-0.04221693053841591,0.045134350657463074,-0.005127194803208113
896,149,index_finger_tip,8,-0.02100938744843006,0.05101294815540314,0.0296657495200634
897,149,middle_finger_tip,12,-0.013661563396453857,0.053742825984954834,0.031158870086073875
898,149,ring_finger_tip,16,0.005504106171429157,0.049065493047237396,0.033069759607315063
899,149,pinky_tip,20,0.01322424877434969,0.04228447750210762,0.030533792451024055
900,150,wrist,0,0.04123975709080696,-0.00538297463208437,0.0804395079612732
901,150,thumb_tip,4,-0.0402696393430233,0.04366343840956688,-0.0046527450904250145
902,150,index_finger_tip,8,-0.024083828553557396,0.05018151178956032,0.03393891081213951
903,150,middle_finger_tip,12,-0.016045749187469482,0.05334039777517319,0.03526332229375839
904,150,ring_finger_tip,16,-0.0017308630049228668,0.049018751829862595,0.034651707857847214
905,150,pinky_tip,20,0.01177861075848341,0.04294371232390404,0.03268860653042793
906,151,wrist,0,0.038426656275987625,-0.0018883736338466406,0.0805351510643959
907,151,thumb_tip,4,-0.03918570280075073,0.038554783910512924,-0.008067178539931774
908,151,index_finger_tip,8,-0.01855188049376011,0.048842959105968475,0.037475645542144775
909,151,middle_finger_tip,12,-0.014342059381306171,0.04983605444431305,0.03841773420572281
910,151,ring_finger_tip,16,-0.0005443873815238476,0.04562223330140114,0.03561802953481674
911,151,pinky_tip,20,0.011997190304100513,0.04056880250573158,0.0320701040327549
912,152,wrist,0,0.043131086975336075,-0.004074757918715477,0.07958963513374329
913,152,thumb_tip,4,-0.04093282297253609,0.044663816690444946,-0.0016298615373671055
914,152,index_finger_tip,8,-0.020890485495328903,0.051179975271224976,0.032771036028862
915,152,middle_finger_tip,12,-0.014325303956866264,0.053819674998521805,0.03734739124774933
916,152,ring_finger_tip,16,0.0019380198791623116,0.048717200756073,0.03550729155540466
917,152,pinky_tip,20,0.012280017137527466,0.03826534375548363,0.031305328011512756
918,153,wrist,0,0.045986682176589966,-0.0034598754718899727,0.08047661185264587
919,153,thumb_tip,4,-0.035002440214157104,0.04168587550520897,-0.008908397518098354
920,153,index_finger_tip,8,-0.02045207843184471,0.05107538402080536,0.033534638583660126
921,153,middle_finger_tip,12,-0.013300145044922829,0.05463859438896179,0.036651574075222015
922,153,ring_finger_tip,16,0.004310008604079485,0.04728632792830467,0.03744421526789665
923,153,pinky_tip,20,0.011747308075428009,0.04273104667663574,0.030562007799744606
924,154,wrist,0,0.04790351167321205,-0.003956865519285202,0.0777163952589035
925,154,thumb_tip,4,-0.0353609137237072,0.041254132986068726,-0.006937398109585047
926,154,index_finger_tip,8,-0.022434266284108162,0.05144450068473816,0.034626927226781845
927,154,middle_finger_tip,12,-0.01655535213649273,0.05384572222828865,0.03667623922228813
928,154,ring_finger_tip,16,0.0009339104872196913,0.04711112380027771,0.034452371299266815
929,154,pinky_tip,20,0.012683654204010963,0.0394301675260067,0.029189351946115494
930,155,wrist,0,0.0436735562980175,-0.005562025122344494,0.07743913680315018
931,155,thumb_tip,4,-0.03535495698451996,0.042320385575294495,-0.007737231906503439
932,155,index_finger_tip,8,-0.0175132118165493,0.04897885397076607,0.034443922340869904
933,155,middle_finger_tip,12,-0.011299900710582733,0.051739756017923355,0.036603257060050964
934,155,ring_finger_tip,16,0.0002921498380601406,0.048291418701410294,0.033087484538555145
935,155,pinky_tip,20,0.013004349544644356,0.037848372012376785,0.030143804848194122
936,156,wrist,0,0.04746830090880394,-0.005587565712630749,0.07972502708435059
937,156,thumb_tip,4,-0.03944522142410278,0.04662343114614487,-0.0020303719211369753
938,156,index_finger_tip,8,-0.020591216161847115,0.05109001696109772,0.0344516783952713
939,156,middle_finger_tip,12,-0.014344567432999611,0.056278884410858154,0.037511516362428665
940,156,ring_finger_tip,16,0.00394622003659606,0.05017527937889099,0.03888767957687378
941,156,pinky_tip,20,0.009970134124159813,0.04287196695804596,0.0331212542951107
942,157,wrist,0,0.046776339411735535,-0.0069121262058615685,0.07994946092367172
943,157,thumb_tip,4,-0.038268692791461945,0.042892057448625565,-0.004861888010054827
944,157,index_finger_tip,8,-0.019039198756217957,0.04869959503412247,0.030566856265068054
945,157,middle_finger_tip,12,-0.014527222141623497,0.05172759294509888,0.032855574041604996
946,157,ring_finger_tip,16,0.0028561274521052837,0.05119217932224274,0.03288302570581436
947,157,pinky_tip,20,0.011162010952830315,0.04077095910906792,0.029674120247364044
948,158,wrist,0,0.03852295130491257,-0.00550685403868556,0.08128653466701508
949,158,thumb_tip,4,-0.040289826691150665,0.04345249757170677,-0.006125642918050289
950,158,index_finger_tip,8,-0.020959200337529182,0.05007828772068024,0.035401176661252975
951,158,middle_finger_tip,12,-0.015214703977108002,0.05323588475584984,0.03713994845747948
952,158,ring_finger_tip,16,0.00011162832379341125,0.04858161509037018,0.03861907497048378
953,158,pinky_tip,20,0.007740061730146408,0.04016239568591118,0.03665068373084068
954,159,wrist,0,0.036917030811309814,-0.0008230593521147966,0.08343717455863953
955,159,thumb_tip,4,-0.03932154178619385,0.0432712696492672,-0.010343044064939022
956,159,index_finger_tip,8,-0.020835135132074356,0.05291089043021202,0.03695811703801155
957,159,middle_finger_tip,12,-0.015156583860516548,0.05314897000789642,0.03782115876674652
958,159,ring_finger_tip,16,0.00012434972450137138,0.04548123851418495,0.039642106741666794
959,159,pinky_tip,20,0.009476624429225922,0.03765193745493889,0.037993721663951874
960,160,wrist,0,0.03757159039378166,-0.0027844333089888096,0.08152635395526886
961,160,thumb_tip,4,-0.03662141412496567,0.04137546569108963,-0.004881367553025484
962,160,index_finger_tip,8,-0.019060371443629265,0.049417268484830856,0.03441609814763069
963,160,middle_finger_tip,12,-0.013803106732666492,0.05232792720198631,0.03808186948299408
964,160,ring_finger_tip,16,0.0009908343199640512,0.0442972294986248,0.03950568661093712
965,160,pinky_tip,20,0.008217547088861465,0.03828224539756775,0.03325308486819267
966,161,wrist,0,0.044415656477212906,-0.0058369142934679985,0.08286018669605255
967,161,thumb_tip,4,-0.033265016973018646,0.04024622216820717,-0.001446435460820794
968,161,index_finger_tip,8,-0.01838824898004532,0.04603520408272743,0.035395316779613495
969,161,middle_finger_tip,12,-0.014153136871755123,0.05183877423405647,0.038474537432193756
970,161,ring_finger_tip,16,0.0016728746704757214,0.04800892993807793,0.04058411344885826
971,161,pinky_tip,20,0.011451911181211472,0.04185542091727257,0.03287781774997711
972,162,wrist,0,0.044931989163160324,-0.003543467726558447,0.08237945288419724
973,162,thumb_tip,4,-0.03797149658203125,0.04457078129053116,-0.006548271980136633
974,162,index_finger_tip,8,-0.02042415365576744,0.05156627669930458,0.038422830402851105
975,162,middle_finger_tip,12,-0.01151655800640583,0.052779436111450195,0.03985375538468361
976,162,ring_finger_tip,16,0.008366510272026062,0.04542716592550278,0.040183182805776596
977,162,pinky_tip,20,0.015397857874631882,0.03923507034778595,0.03507509082555771
978,163,wrist,0,0.04929181560873985,-0.003830761881545186,0.0789467915892601
979,163,thumb_tip,4,-0.03817746415734291,0.04622506722807884,-0.005346632096916437
980,163,index_finger_tip,8,-0.020040540024638176,0.05354579910635948,0.03558395057916641
981,163,middle_finger_tip,12,-0.013439138419926167,0.056557610630989075,0.03777291253209114
982,163,ring_finger_tip,16,0.002917237812653184,0.050587888807058334,0.0361313670873642
983,163,pinky_tip,20,0.013322105631232262,0.040889836847782135,0.03193878009915352
984,164,wrist,0,0.046538304537534714,-0.004713745787739754,0.07843790203332901
985,164,thumb_tip,4,-0.0367569737136364,0.0459710992872715,-0.006595504004508257
986,164,index_finger_tip,8,-0.019312391057610512,0.0523650124669075,0.03462126478552818
987,164,middle_finger_tip,12,-0.011525213718414307,0.05630424991250038,0.037506621330976486
988,164,ring_finger_tip,16,0.008368631824851036,0.047907061874866486,0.03769252449274063
989,164,pinky_tip,20,0.015157717280089855,0.04057837650179863,0.03282414376735687
990,165,wrist,0,0.04422273859381676,-0.008339324966073036,0.08125855028629303
991,165,thumb_tip,4,-0.036099981516599655,0.046088606119155884,-0.005579837132245302
992,165,index_finger_tip,8,-0.018707748502492905,0.04941914230585098,0.03318363055586815
993,165,middle_finger_tip,12,-0.012048828415572643,0.05491924658417702,0.03675227612257004
994,165,ring_finger_tip,16,0.005909295752644539,0.05028586462140083,0.036755070090293884
995,165,pinky_tip,20,0.013036448508501053,0.03986642509698868,0.03257029131054878
996,166,wrist,0,0.04208824038505554,-0.005599428899586201,0.08107835054397583
997,166,thumb_tip,4,-0.03503558039665222,0.043795403093099594,-0.006284504663199186
998,166,index_finger_tip,8,-0.018535245209932327,0.04839232563972473,0.03081427328288555
999,166,middle_finger_tip,12,-0.012668205425143242,0.05298800766468048,0.03260418027639389
1000,166,ring_finger_tip,16,0.003238481003791094,0.04965673387050629,0.03393777087330818
1001,166,pinky_tip,20,0.010614870116114616,0.03930988535284996,0.028490200638771057
1002,167,wrist,0,0.04064030945301056,-0.005841700825840235,0.08002720028162003
1003,167,thumb_tip,4,-0.036224037408828735,0.04285752773284912,-0.0052923052571713924
1004,167,index_finger_tip,8,-0.018307775259017944,0.0498015470802784,0.0359845869243145
1005,167,middle_finger_tip,12,-0.012212753295898438,0.05215977504849434,0.037546128034591675
1006,167,ring_finger_tip,16,0.003965933807194233,0.04740471765398979,0.037306565791368484
1007,167,pinky_tip,20,0.009829157963395119,0.040557198226451874,0.03334350511431694
1008,168,wrist,0,0.03989366814494133,-0.004790181294083595,0.07975033670663834
1009,168,thumb_tip,4,-0.037729550153017044,0.04450244829058647,-0.005510102026164532
1010,168,index_finger_tip,8,-0.01909165270626545,0.05124855786561966,0.03166329488158226
1011,168,middle_finger_tip,12,-0.01321385893970728,0.05246667191386223,0.03372165933251381
1012,168,ring_finger_tip,16,-0.0018061441369354725,0.05149490758776665,0.035164084285497665
1013,168,pinky_tip,20,0.007802163250744343,0.04344918206334114,0.03332994505763054
1014,169,wrist,0,0.03652588278055191,-0.003871937282383442,0.08103182911872864
1015,169,thumb_tip,4,-0.03714174032211304,0.040835604071617126,-0.00864371471107006
1016,169,index_finger_tip,8,-0.018769260495901108,0.051916174590587616,0.031529903411865234
1017,169,middle_finger_tip,12,-0.012317497283220291,0.05265238508582115,0.03536859527230263
1018,169,ring_finger_tip,16,-0.0013779974542558193,0.0492347814142704,0.03750896453857422
1019,169,pinky_tip,20,0.007472173776477575,0.041898537427186966,0.03480135276913643
1020,170,wrist,0,0.0394582636654377,-0.00551027525216341,0.08200880885124207
1021,170,thumb_tip,4,-0.03802332282066345,0.04143760725855827,-0.004206596873700619
1022,170,index_finger_tip,8,-0.021348657086491585,0.05033367499709129,0.03608650341629982
1023,170,middle_finger_tip,12,-0.014732826501131058,0.05396079644560814,0.04035205394029617
1024,170,ring_finger_tip,16,0.001352254068478942,0.04863322898745537,0.03922976553440094
1025,170,pinky_tip,20,0.008691507391631603,0.039094164967536926,0.033410340547561646
1026,171,wrist,0,0.04366017505526543,-0.003291616216301918,0.07917402684688568
1027,171,thumb_tip,4,-0.03701118379831314,0.04311211034655571,-0.004022308625280857
1028,171,index_finger_tip,8,-0.017591236159205437,0.050068605691194534,0.03142847493290901
1029,171,middle_finger_tip,12,-0.013103863224387169,0.052065860480070114,0.03427144140005112
1030,171,ring_finger_tip,16,0.002375685377046466,0.04823571816086769,0.034608274698257446
1031,171,pinky_tip,20,0.01201348565518856,0.03910167142748833,0.02825809270143509
1032,172,wrist,0,0.045470885932445526,-0.0065008653327822685,0.08086726814508438
1033,172,thumb_tip,4,-0.03866368532180786,0.04421928897500038,-0.003756151767447591
1034,172,index_finger_tip,8,-0.021632332354784012,0.05145125091075897,0.03216872364282608
1035,172,middle_finger_tip,12,-0.013646535575389862,0.0539076030254364,0.03666829317808151
1036,172,ring_finger_tip,16,0.00300921150483191,0.051059406250715256,0.035236112773418427
1037,172,pinky_tip,20,0.011890127323567867,0.04125584289431572,0.029086383059620857
1038,173,wrist,0,0.04078173264861107,-0.006156399846076965,0.08011249452829361
1039,173,thumb_tip,4,-0.03580010309815407,0.04159475490450859,-0.004397368058562279
1040,173,index_finger_tip,8,-0.016704358160495758,0.04776052385568619,0.0340491347014904
1041,173,middle_finger_tip,12,-0.01132899709045887,0.049320563673973083,0.03483336791396141
1042,173,ring_finger_tip,16,0.002747652120888233,0.04743575677275658,0.034593161195516586
1043,173,pinky_tip,20,0.009496724233031273,0.040218010544776917,0.029346413910388947
1044,174,wrist,0,0.03905750438570976,-0.00818458292633295,0.08438463509082794
1045,174,thumb_tip,4,-0.03585166111588478,0.04240260273218155,-0.008734170347452164
1046,174,index_finger_tip,8,-0.01814553327858448,0.049160435795784,0.033621855080127716
1047,174,middle_finger_tip,12,-0.011222530156373978,0.05196916684508324,0.036070410162210464
1048,174,ring_finger_tip,16,0.00419452553614974,0.05078818276524544,0.038799356669187546
1049,174,pinky_tip,20,0.010724702849984169,0.04180699959397316,0.03464343026280403
1050,175,wrist,0,0.03612067550420761,-0.004990014713257551,0.08449651300907135
1051,175,thumb_tip,4,-0.03546461835503578,0.04242895916104317,-0.007228761445730925
1052,175,index_finger_tip,8,-0.019886737689375877,0.04842948168516159,0.03938795253634453
1053,175,middle_finger_tip,12,-0.01196980383247137,0.050495415925979614,0.04381205141544342
1054,175,ring_finger_tip,16,0.0003676307387650013,0.04526793956756592,0.04245540499687195
1055,175,pinky_tip,20,0.010483575984835625,0.03734452277421951,0.04172493889927864
1056,176,wrist,0,0.03373829647898674,-0.003944149240851402,0.0852314680814743
1057,176,thumb_tip,4,-0.03597000241279602,0.043424129486083984,-0.008778796531260014
1058,176,index_finger_tip,8,-0.01887626387178898,0.04808162897825241,0.03856682777404785
1059,176,middle_finger_tip,12,-0.012553354725241661,0.05099552124738693,0.043827712535858154
1060,176,ring_finger_tip,16,-0.0025117541663348675,0.045625150203704834,0.04219403117895126
1061,176,pinky_tip,20,0.00811492558568716,0.03820739686489105,0.04300594702363014
1062,177,wrist,0,0.034059345722198486,-0.0031229869928210974,0.08298229426145554
1063,177,thumb_tip,4,-0.03616539388895035,0.04387250915169716,-0.007227133493870497
1064,177,index_finger_tip,8,-0.02074245736002922,0.05294318124651909,0.035773567855358124
1065,177,middle_finger_tip,12,-0.012415499426424503,0.055600788444280624,0.03932299092411995
1066,177,ring_finger_tip,16,-0.0034331316128373146,0.04992375150322914,0.039801254868507385
1067,177,pinky_tip,20,0.007546426262706518,0.042033206671476364,0.038697078824043274
1068,178,wrist,0,0.037094730883836746,-0.005403389222919941,0.0834503024816513
1069,178,thumb_tip,4,-0.038540229201316833,0.04536198824644089,-0.00722837820649147
1070,178,index_finger_tip,8,-0.020821137353777885,0.052774764597415924,0.0385904386639595
1071,178,middle_finger_tip,12,-0.013743046671152115,0.055815503001213074,0.04193631559610367
1072,178,ring_finger_tip,16,-0.00201765401288867,0.0514037199318409,0.039338137954473495
1073,178,pinky_tip,20,0.010244397446513176,0.04445675015449524,0.035851143300533295
1074,179,wrist,0,0.03829673305153847,-0.002811156678944826,0.0845000371336937
1075,179,thumb_tip,4,-0.04007137939333916,0.04573379084467888,-0.00927810836583376
1076,179,index_finger_tip,8,-0.020543504506349564,0.05333361774682999,0.037485141307115555
1077,179,middle_finger_tip,12,-0.015892282128334045,0.055342335253953934,0.04343845695257187
1078,179,ring_finger_tip,16,-0.0011981832794845104,0.05059922859072685,0.03809734433889389
1079,179,pinky_tip,20,0.011139942333102226,0.0392080582678318,0.034923963248729706
1080,180,wrist,0,0.04010497033596039,-0.0034314082004129887,0.0807555764913559
1081,180,thumb_tip,4,-0.03893196955323219,0.04630385711789131,-0.004273490514606237
1082,180,index_finger_tip,8,-0.018702905625104904,0.052304163575172424,0.036190785467624664
1083,180,middle_finger_tip,12,-0.015264017507433891,0.05568408966064453,0.04031772166490555
1084,180,ring_finger_tip,16,-0.0006319079548120499,0.04916688799858093,0.03650733456015587
1085,180,pinky_tip,20,0.010114227421581745,0.03862077370285988,0.03243650496006012
1086,181,wrist,0,0.03764593228697777,-0.003384097944945097,0.08095304667949677
1087,181,thumb_tip,4,-0.03493793308734894,0.04229569435119629,-0.003504489315673709
1088,181,index_finger_tip,8,-0.0188682172447443,0.04782089218497276,0.037693943828344345
1089,181,middle_finger_tip,12,-0.015320157632231712,0.05337077006697655,0.04201734811067581
1090,181,ring_finger_tip,16,0.00011731265112757683,0.047569796442985535,0.03878788650035858
1091,181,pinky_tip,20,0.00961731281131506,0.03733067959547043,0.033127881586551666
1092,182,wrist,0,0.04352784529328346,-0.006605562288314104,0.08076294511556625
1093,182,thumb_tip,4,-0.03856171295046806,0.04479349032044411,-0.0007374318083748221
1094,182,index_finger_tip,8,-0.021794741973280907,0.05007779225707054,0.03226757049560547
1095,182,middle_finger_tip,12,-0.016678424552083015,0.05532490462064743,0.034764889627695084
1096,182,ring_finger_tip,16,-0.00025868555530905724,0.051670365035533905,0.03520005941390991
1097,182,pinky_tip,20,0.010860908776521683,0.04195825383067131,0.02831491082906723
1098,183,wrist,0,0.045000139623880386,-0.003234498668462038,0.0824025347828865
1099,183,thumb_tip,4,-0.03611701726913452,0.042409081012010574,-0.007114474195986986
1100,183,index_finger_tip,8,-0.019043561071157455,0.04939386248588562,0.03776030242443085
1101,183,middle_finger_tip,12,-0.013398055918514729,0.05101822316646576,0.03969298675656319
1102,183,ring_finger_tip,16,0.003508506342768669,0.04759809374809265,0.03949088603258133
1103,183,pinky_tip,20,0.013746855780482292,0.041095346212387085,0.03360209986567497
1104,184,wrist,0,0.04528065025806427,-0.004021833185106516,0.08092223107814789
1105,184,thumb_tip,4,-0.03625980019569397,0.042076680809259415,-0.005501300562173128
1106,184,index_finger_tip,8,-0.022714033722877502,0.05140583962202072,0.035694438964128494
1107,184,middle_finger_tip,12,-0.015585442073643208,0.054213788360357285,0.03892460837960243
1108,184,ring_finger_tip,16,0.0032186508178710938,0.04809318482875824,0.03599553182721138
1109,184,pinky_tip,20,0.012833504006266594,0.03943083807826042,0.03136724606156349
1110,185,wrist,0,0.048303671181201935,-0.006865724455565214,0.07938069850206375
1111,185,thumb_tip,4,-0.03799814730882645,0.04463433474302292,-0.0027403857093304396
1112,185,index_finger_tip,8,-0.020584916695952415,0.050733812153339386,0.0360027477145195
1113,185,middle_finger_tip,12,-0.01367753092199564,0.053541216999292374,0.03732147440314293
1114,185,ring_finger_tip,16,0.0034420164301991463,0.050000015646219254,0.033462878316640854
1115,185,pinky_tip,20,0.016268379986286163,0.037904445081949234,0.03186912089586258
1116,186,wrist,0,0.04545372352004051,-0.007316910661756992,0.08029764145612717
1117,186,thumb_tip,4,-0.036564916372299194,0.04647187516093254,-0.0017037843354046345
1118,186,index_finger_tip,8,-0.018398791551589966,0.049444980919361115,0.033977631479501724
1119,186,middle_finger_tip,12,-0.01284157857298851,0.05406632646918297,0.03554871678352356
1120,186,ring_finger_tip,16,0.0025249714963138103,0.051645535975694656,0.03578381612896919
1121,186,pinky_tip,20,0.009626196697354317,0.043009720742702484,0.02894914522767067
1122,187,wrist,0,0.04174395278096199,-0.005985907278954983,0.08164922893047333
1123,187,thumb_tip,4,-0.03829235956072807,0.044911064207553864,-0.0045349872671067715
1124,187,index_finger_tip,8,-0.020691365003585815,0.04890867695212364,0.03535813093185425
1125,187,middle_finger_tip,12,-0.014826587401330471,0.05251624807715416,0.04012931138277054
1126,187,ring_finger_tip,16,0.0012931921519339085,0.04909045621752739,0.03843722119927406
1127,187,pinky_tip,20,0.009946100413799286,0.04150138422846794,0.03462613373994827
1128,188,wrist,0,0.03637351468205452,-0.0027007865719497204,0.08193181455135345
1129,188,thumb_tip,4,-0.03783635050058365,0.042670559138059616,-0.0055329385213553905
1130,188,index_finger_tip,8,-0.01978319324553013,0.048159729689359665,0.03614744916558266
1131,188,middle_finger_tip,12,-0.013691628351807594,0.05187378451228142,0.03851830214262009
1132,188,ring_finger_tip,16,-0.0020635449327528477,0.04770875722169876,0.03851272910833359
1133,188,pinky_tip,20,0.0071488614194095135,0.041713614016771317,0.03751778602600098
1134,189,wrist,0,0.038417618721723557,-0.0005076113156974316,0.08190824836492538
1135,189,thumb_tip,4,-0.04141302779316902,0.04421304538846016,-0.008936556987464428
1136,189,index_finger_tip,8,-0.020678408443927765,0.052966952323913574,0.03925720229744911
1137,189,middle_finger_tip,12,-0.015819182619452477,0.0524928979575634,0.04154149815440178
1138,189,ring_finger_tip,16,-0.003587685525417328,0.04839023947715759,0.036165278404951096
1139,189,pinky_tip,20,0.009274194948375225,0.03827476501464844,0.033948350697755814
1140,190,wrist,0,0.036980316042900085,-0.00033851806074380875,0.08237496763467789
1141,190,thumb_tip,4,-0.03727599233388901,0.04326337203383446,-0.0071821571327745914
1142,190,index_finger_tip,8,-0.023215781897306442,0.04773072898387909,0.031735312193632126
1143,190,middle_finger_tip,12,-0.01841101609170437,0.05563383176922798,0.034677088260650635
1144,190,ring_finger_tip,16,-0.003833319526165724,0.051828883588314056,0.037233538925647736
1145,190,pinky_tip,20,0.004280878696590662,0.039333492517471313,0.03348212689161301
1146,191,wrist,0,0.0398293063044548,-0.005132476799190044,0.08221901208162308
1147,191,thumb_tip,4,-0.033702872693538666,0.04158168286085129,-0.0038179405964910984
1148,191,index_finger_tip,8,-0.018708206713199615,0.0458231195807457,0.03449513018131256
1149,191,middle_finger_tip,12,-0.016212405636906624,0.04980519786477089,0.041557446122169495
1150,191,ring_finger_tip,16,0.00017994304653257132,0.04665713012218475,0.039762530475854874
1151,191,pinky_tip,20,0.009618012234568596,0.03995100408792496,0.030484020709991455
1152,192,wrist,0,0.04644688963890076,-0.0023836353793740273,0.07910754531621933
1153,192,thumb_tip,4,-0.033383358269929886,0.042118676006793976,-0.007342053577303886
1154,192,index_finger_tip,8,-0.019501935690641403,0.04930621758103371,0.03263869509100914
1155,192,middle_finger_tip,12,-0.01421534176915884,0.052421893924474716,0.03811587020754814
1156,192,ring_finger_tip,16,0.003040337935090065,0.048932284116744995,0.03672996163368225
1157,192,pinky_tip,20,0.011755339801311493,0.045595984905958176,0.030438749119639397
1158,193,wrist,0,0.04895269498229027,-0.005013793241232634,0.07851714640855789
1159,193,thumb_tip,4,-0.034989114850759506,0.044860776513814926,-0.003496024524793029
1160,193,index_finger_tip,8,-0.019653579220175743,0.04991338402032852,0.03535797446966171
1161,193,middle_finger_tip,12,-0.013513377867639065,0.053964871913194656,0.03911725431680679
1162,193,ring_finger_tip,16,0.004388777073472738,0.04811205714941025,0.03676573187112808
1163,193,pinky_tip,20,0.012864897958934307,0.04417894780635834,0.03108353726565838
1164,194,wrist,0,0.05013871192932129,-0.005309877451509237,0.078495554625988
1165,194,thumb_tip,4,-0.03692886233329773,0.047387439757585526,-0.003345706732943654
1166,194,index_finger_tip,8,-0.021731732413172722,0.049175772815942764,0.03445706143975258
1167,194,middle_finger_tip,12,-0.015231014229357243,0.05466889217495918,0.03547516092658043
1168,194,ring_finger_tip,16,0.005089596379548311,0.050750717520713806,0.03460950404405594
1169,194,pinky_tip,20,0.014957178384065628,0.043976135551929474,0.030153898522257805
1170,195,wrist,0,0.04638087749481201,-0.008654456585645676,0.078058622777462
1171,195,thumb_tip,4,-0.03765108063817024,0.043489355593919754,-0.000542865542229265
1172,195,index_finger_tip,8,-0.020724348723888397,0.04853436350822449,0.031211134046316147
1173,195,middle_finger_tip,12,-0.014326758682727814,0.052373822778463364,0.033672381192445755
1174,195,ring_finger_tip,16,0.0036053957883268595,0.04988086223602295,0.033393967896699905
1175,195,pinky_tip,20,0.01217622123658657,0.03997164964675903,0.029292486608028412
1176,196,wrist,0,0.04448550194501877,-0.006201418582350016,0.08149919658899307
1177,196,thumb_tip,4,-0.041018933057785034,0.047209836542606354,-0.004929717630147934
1178,196,index_finger_tip,8,-0.027232367545366287,0.05062979459762573,0.032497432082891464
1179,196,middle_finger_tip,12,-0.018211890012025833,0.054763879626989365,0.03309127688407898
1180,196,ring_finger_tip,16,0.0015533613041043282,0.05193769931793213,0.033440981060266495
1181,196,pinky_tip,20,0.01350374799221754,0.03967291861772537,0.03260386362671852
1182,197,wrist,0,0.035993728786706924,-0.0017879183869808912,0.08004983514547348
1183,197,thumb_tip,4,-0.0381697453558445,0.04136104881763458,-0.006042294669896364
1184,197,index_finger_tip,8,-0.02053612843155861,0.0487925224006176,0.038714248687028885
1185,197,middle_finger_tip,12,-0.01561271958053112,0.050306711345911026,0.03863299638032913
1186,197,ring_finger_tip,16,-0.002970234490931034,0.04552660137414932,0.036705099046230316
1187,197,pinky_tip,20,0.007393786683678627,0.03562921658158302,0.0367501862347126
1188,198,wrist,0,0.03292767331004143,-0.002189105609431863,0.08012822270393372
1189,198,thumb_tip,4,-0.034479547291994095,0.03976266831159592,-0.005621425341814756
1190,198,index_finger_tip,8,-0.02078424207866192,0.04872751981019974,0.036691926419734955
1191,198,middle_finger_tip,12,-0.013464126735925674,0.049491144716739655,0.04083210602402687
1192,198,ring_finger_tip,16,-0.003653832245618105,0.04519485682249069,0.03710868954658508
1193,198,pinky_tip,20,0.006808571517467499,0.03874454274773598,0.036495063453912735
1194,199,wrist,0,0.03730747103691101,-0.002875069621950388,0.08214664459228516
1195,199,thumb_tip,4,-0.039618805050849915,0.043161649256944656,-0.00617230823263526
1196,199,index_finger_tip,8,-0.02307428978383541,0.051646579056978226,0.03779762610793114
1197,199,middle_finger_tip,12,-0.017229372635483742,0.05235560983419418,0.04226970672607422
1198,199,ring_finger_tip,16,-0.003637630958110094,0.0475996732711792,0.03897363319993019
1199,199,pinky_tip,20,0.007236886769533157,0.03822515904903412,0.037157412618398666
1200,200,wrist,0,0.04236507788300514,-0.0016877331072464585,0.08113681524991989
1201,200,thumb_tip,4,-0.03854532539844513,0.04393616318702698,-0.004816839471459389
1202,200,index_finger_tip,8,-0.023337265476584435,0.050024788826704025,0.03714912384748459
1203,200,middle_finger_tip,12,-0.01807153970003128,0.05572979152202606,0.03924574330449104
1204,200,ring_finger_tip,16,-0.0032141320407390594,0.05040597915649414,0.03718548268079758
1205,200,pinky_tip,20,0.006037257611751556,0.03959798812866211,0.03199712559580803
1206,201,wrist,0,0.038864146918058395,-0.0021331491880118847,0.07976832240819931
1207,201,thumb_tip,4,-0.033528976142406464,0.038551535457372665,-0.0031759801786392927
1208,201,index_finger_tip,8,-0.020824681967496872,0.04761842265725136,0.03409279137849808
1209,201,middle_finger_tip,12,-0.01692185178399086,0.05277705937623978,0.03806506097316742
1210,201,ring_finger_tip,16,-0.002897000638768077,0.046379730105400085,0.036170318722724915
1211,201,pinky_tip,20,0.009627247229218483,0.03855740651488304,0.030066104605793953
1212,202,wrist,0,0.04590235650539398,-0.002621712628751993,0.07839938253164291
1213,202,thumb_tip,4,-0.04075246676802635,0.04382826387882233,-0.0034895376302301884
1214,202,index_finger_tip,8,-0.022699138149619102,0.05235515534877777,0.03288319706916809
1215,202,middle_finger_tip,12,-0.015121767297387123,0.05508499965071678,0.03616061061620712
1216,202,ring_finger_tip,16,0.0006517355795949697,0.05098698288202286,0.033754490315914154
1217,202,pinky_tip,20,0.010807511396706104,0.03963485732674599,0.0297481007874012
1218,203,wrist,0,0.04247632250189781,-0.005107074975967407,0.07934897392988205
1219,203,thumb_tip,4,-0.04131828993558884,0.04507790505886078,-0.002264529000967741
1220,203,index_finger_tip,8,-0.02489910088479519,0.051555391401052475,0.029758933931589127
1221,203,middle_finger_tip,12,-0.01571112684905529,0.05398987978696823,0.03217075765132904
1222,203,ring_finger_tip,16,-4.838034510612488e-05,0.051563411951065063,0.032032616436481476
1223,203,pinky_tip,20,0.010869454592466354,0.04104435071349144,0.028957346454262733
1224,204,wrist,0,0.0373799204826355,-0.0041216895915567875,0.08060930669307709
1225,204,thumb_tip,4,-0.037466779351234436,0.04104526713490486,-0.00753502594307065
1226,204,index_finger_tip,8,-0.01921127922832966,0.04879109561443329,0.0366961769759655
1227,204,middle_finger_tip,12,-0.011906415224075317,0.05097481980919838,0.03882975876331329
1228,204,ring_finger_tip,16,2.945493906736374e-05,0.04635874181985855,0.038397740572690964
1229,204,pinky_tip,20,0.007843933999538422,0.04175926744937897,0.036585625261068344
1230,205,wrist,0,0.036063745617866516,-0.0014744679210707545,0.08313065767288208
1231,205,thumb_tip,4,-0.03694255277514458,0.0425669364631176,-0.0066833943128585815
1232,205,index_finger_tip,8,-0.02222338318824768,0.04947759956121445,0.0354212149977684
1233,205,middle_finger_tip,12,-0.01526533905416727,0.052347227931022644,0.040617313235998154
1234,205,ring_finger_tip,16,-0.0026118771638721228,0.04747847840189934,0.038578227162361145
1235,205,pinky_tip,20,0.006714693736284971,0.03875718638300896,0.03915487974882126
1236,206,wrist,0,0.033758483827114105,0.0004888424882665277,0.08211170136928558
1237,206,thumb_tip,4,-0.03600360453128815,0.041512563824653625,-0.008989287540316582
1238,206,index_finger_tip,8,-0.023864317685365677,0.050058841705322266,0.0334237776696682
1239,206,middle_finger_tip,12,-0.013850430957973003,0.05126187950372696,0.03761562705039978
1240,206,ring_finger_tip,16,-0.003750331001356244,0.04818236082792282,0.036721911281347275
1241,206,pinky_tip,20,0.006330220028758049,0.03793790936470032,0.03575614467263222
